start_time,src,dst,result,rtt,type,code,reply_from
2025-02-02 08:44:57.100169,172.16.201.111,example.com,NG,,88,0,None
2025-02-02 08:44:58.101890,172.16.201.111,example.com,NG,,88,0,None
2025-02-02 08:44:59.102295,172.16.201.111,example.com,NG,,88,0,None
2025-02-02 08:45:00.102850,172.16.201.111,example.com,NG,,88,0,None
2025-02-02 08:45:01.104151,172.16.201.111,example.com,NG,,88,0,None
2025-02-02 08:45:02.104901,172.16.201.111,example.com,NG,,88,0,None
2025-02-02 08:45:03.105571,172.16.201.111,example.com,NG,,88,0,None
2025-02-02 08:45:04.106359,172.16.201.111,example.com,NG,,88,0,None
2025-02-02 08:45:18.631634,172.16.201.111,example.com,NG,,88,0,None
2025-02-02 08:45:19.632230,172.16.201.111,example.com,NG,,88,0,None
2025-02-02 08:45:20.640944,172.16.201.111,example.com,NG,,88,0,None
2025-02-02 08:45:21.641671,172.16.201.111,example.com,NG,,88,0,None
2025-02-02 12:39:42.428025,172.16.201.111,example.com,NG,,99,99,
2025-02-02 12:39:43.428789,172.16.201.111,example.com,NG,,99,99,
2025-02-02 12:39:44.433936,172.16.201.111,example.com,NG,,99,99,
2025-02-02 12:39:45.434620,172.16.201.111,example.com,NG,,99,99,
2025-02-02 12:41:10.143194,172.16.201.111,example.com,NG,,99,99,
2025-02-02 12:41:11.143943,172.16.201.111,example.com,NG,,99,99,
2025-02-02 12:41:12.144353,172.16.201.111,example.com,NG,,99,99,
2025-02-02 12:41:13.145216,172.16.201.111,example.com,NG,,99,99,
2025-02-02 12:41:14.146038,172.16.201.111,example.com,NG,,99,99,
2025-02-02 12:42:00.107676,172.16.201.111,example.com,NG,,99,99,
2025-02-02 12:42:01.108445,172.16.201.111,example.com,NG,,99,99,
2025-02-02 12:42:02.109928,172.16.201.111,example.com,NG,,99,99,
2025-02-02 12:42:47.521087,172.16.201.111,example.com,NG,,99,99,
2025-02-02 12:42:48.521910,172.16.201.111,example.com,NG,,99,99,
2025-02-02 12:42:49.522748,172.16.201.111,example.com,NG,,99,99,
2025-02-02 12:43:30.342117,172.16.201.111,example.com,OK,0.148863,0,0,3.192.228.80
2025-02-02 12:43:31.342689,172.16.201.111,example.com,OK,0.147522,0,0,3.192.228.80
2025-02-02 12:43:32.344127,172.16.201.111,example.com,OK,0.211735,0,0,3.192.228.80
2025-02-02 12:43:33.344852,172.16.201.111,example.com,OK,0.160373,0,0,3.192.228.80
2025-02-02 12:43:49.268971,172.16.201.111,example.com,OK,0.150091,0,0,3.192.228.80
2025-02-02 12:43:50.269782,172.16.201.111,example.com,OK,0.143379,0,0,3.192.228.80
2025-02-02 12:43:51.270851,172.16.201.111,example.com,OK,0.145766,0,0,3.192.228.80
2025-02-02 12:43:52.271510,172.16.201.111,example.com,OK,0.148216,0,0,3.192.228.80
2025-02-02 12:43:53.272261,172.16.201.111,example.com,OK,0.145586,0,0,3.192.228.80
2025-02-02 12:43:54.272786,172.16.201.111,example.com,OK,0.151658,0,0,3.192.228.80
2025-02-02 12:43:55.274244,172.16.201.111,example.com,OK,0.146277,0,0,3.192.228.80
2025-02-02 12:43:56.274965,172.16.201.111,example.com,OK,0.142954,0,0,3.192.228.80
2025-02-02 12:43:57.275928,172.16.201.111,example.com,OK,0.141657,0,0,3.192.228.80
2025-02-02 12:43:58.276480,172.16.201.111,example.com,OK,0.144286,0,0,3.192.228.80
2025-02-02 13:48:26.916779,172.16.201.111,example.com,OK,0.155756,0,0,3.192.228.80
2025-02-02 13:48:27.917162,172.16.201.111,example.com,OK,0.146558,0,0,3.192.228.80
2025-02-02 13:48:28.918028,172.16.201.111,example.com,OK,0.149494,0,0,3.192.228.80
2025-02-02 13:48:29.919354,172.16.201.111,example.com,OK,0.1486,0,0,3.192.228.80
2025-02-02 13:48:30.920056,172.16.201.111,example.com,OK,0.141696,0,0,3.192.228.80
2025-02-02 13:48:31.920999,172.16.201.111,example.com,OK,0.1505,0,0,3.192.228.80
2025-02-02 14:12:17.171593,172.22.89.198,example.com,NG,,99,99,
2025-02-02 14:12:18.172925,172.22.89.198,example.com,NG,,99,99,
2025-02-02 14:12:19.220880,172.22.89.198,example.com,NG,,99,99,
2025-02-02 15:13:40.633783,172.22.89.198,example.com,OK,0.150271,0,0,6.7.128.198
2025-02-02 15:13:41.634697,172.22.89.198,example.com,OK,0.140903,0,0,3.192.228.84
2025-02-02 15:13:42.636679,172.22.89.198,example.com,OK,0.21823,0,0,3.215.0.138
2025-02-02 15:13:43.640896,172.22.89.198,example.com,OK,0.1468,0,0,6.7.128.198
2025-02-02 15:13:44.642043,172.22.89.198,example.com,OK,0.141854,0,0,3.192.228.84
2025-02-02 15:13:45.645713,172.22.89.198,example.com,OK,0.230284,0,0,3.215.0.138
2025-02-02 15:13:46.651927,172.22.89.198,example.com,OK,0.144488,0,0,6.7.128.198
2025-02-02 15:13:47.655465,172.22.89.198,example.com,OK,0.143464,0,0,3.192.228.84
2025-02-02 15:13:48.661986,172.22.89.198,example.com,OK,0.22058,0,0,3.215.0.138
2025-02-02 15:13:49.663231,172.22.89.198,example.com,OK,0.145057,0,0,6.7.128.198
2025-02-02 15:13:50.664136,172.22.89.198,example.com,OK,0.14375,0,0,3.192.228.84
2025-02-02 15:13:51.666471,172.22.89.198,example.com,OK,0.212868,0,0,3.215.0.138
2025-02-02 15:13:52.673942,172.22.89.198,example.com,OK,0.140436,0,0,6.7.128.198
2025-02-02 15:13:53.680948,172.22.89.198,example.com,OK,0.139618,0,0,3.192.228.84
2025-02-02 15:13:54.712379,172.22.89.198,example.com,OK,0.217406,0,0,3.215.0.138
2025-02-02 15:13:55.713064,172.22.89.198,example.com,OK,0.140823,0,0,6.7.128.198
2025-02-02 15:13:56.715289,172.22.89.198,example.com,OK,0.139462,0,0,3.192.228.84
2025-02-02 15:13:57.727445,172.22.89.198,example.com,OK,0.218062,0,0,3.215.0.138
2025-02-02 15:13:58.759133,172.22.89.198,example.com,OK,0.140973,0,0,6.7.128.198
2025-02-02 15:13:57.333270,172.22.89.198,example.com,OK,0.140259,0,0,3.192.228.84
2025-02-02 15:13:58.365215,172.22.89.198,example.com,OK,0.213086,0,0,3.215.0.138
2025-02-02 15:13:59.413610,172.22.89.198,example.com,OK,0.143206,0,0,6.7.128.198
2025-02-02 15:14:00.424705,172.22.89.198,example.com,OK,0.141056,0,0,3.192.228.84
2025-02-02 15:14:01.478238,172.22.89.198,example.com,OK,0.213941,0,0,3.215.0.138
2025-02-02 15:14:02.497576,172.22.89.198,example.com,OK,0.140246,0,0,6.7.128.198
2025-02-02 15:14:03.535895,172.22.89.198,example.com,OK,0.140269,0,0,3.192.228.84
2025-02-02 15:14:04.544460,172.22.89.198,example.com,OK,0.217637,0,0,3.215.0.138
2025-02-02 15:14:05.547029,172.22.89.198,example.com,OK,0.140852,0,0,6.7.128.198
2025-02-02 15:14:06.547822,172.22.89.198,example.com,OK,0.140342,0,0,3.192.228.84
2025-02-02 15:14:07.550666,172.22.89.198,example.com,OK,0.217865,0,0,3.215.0.138
2025-02-02 15:14:08.551938,172.22.89.198,example.com,OK,0.14647,0,0,6.7.128.198
2025-02-02 15:14:09.553392,172.22.89.198,example.com,OK,0.141297,0,0,3.192.228.84
2025-02-02 15:14:10.553822,172.22.89.198,example.com,OK,0.217297,0,0,3.215.0.138
2025-02-02 15:14:11.556699,172.22.89.198,example.com,OK,0.146079,0,0,6.7.128.198
2025-02-02 15:14:12.557598,172.22.89.198,example.com,OK,0.145866,0,0,3.192.228.84
2025-02-02 15:14:13.559518,172.22.89.198,example.com,OK,0.218853,0,0,3.215.0.138
2025-02-02 15:14:14.560778,172.22.89.198,example.com,OK,0.143795,0,0,6.7.128.198
2025-02-02 15:14:15.562512,172.22.89.198,example.com,OK,0.151689,0,0,3.192.228.84
2025-02-02 15:14:16.564963,172.22.89.198,example.com,OK,0.21835,0,0,3.215.0.138
2025-02-02 15:14:17.567737,172.22.89.198,example.com,OK,0.143182,0,0,6.7.128.198
2025-02-02 15:14:18.570481,172.22.89.198,example.com,OK,0.145455,0,0,3.192.228.84
2025-02-02 15:14:19.609478,172.22.89.198,example.com,OK,0.224154,0,0,3.215.0.138
2025-02-02 15:14:20.610577,172.22.89.198,example.com,OK,0.142783,0,0,6.7.128.198
2025-02-02 15:14:21.611908,172.22.89.198,example.com,OK,0.144851,0,0,3.192.228.84
2025-02-02 15:14:22.613676,172.22.89.198,example.com,OK,0.216811,0,0,3.215.0.138
2025-02-02 15:14:23.614346,172.22.89.198,example.com,OK,0.141293,0,0,6.7.128.198
2025-02-02 15:14:24.615839,172.22.89.198,example.com,OK,0.142395,0,0,3.192.228.84
2025-02-02 15:14:25.616412,172.22.89.198,example.com,OK,0.269611,0,0,3.215.0.138
2025-02-02 15:14:26.620909,172.22.89.198,example.com,OK,0.175187,0,0,6.7.128.198
2025-02-02 15:14:27.621680,172.22.89.198,example.com,OK,0.142682,0,0,3.192.228.84
2025-02-02 15:14:28.623124,172.22.89.198,example.com,OK,0.213395,0,0,3.215.0.138
2025-02-02 15:14:27.033155,172.22.89.198,example.com,OK,0.147681,0,0,6.7.128.198
2025-02-02 15:14:28.048849,172.22.89.198,example.com,OK,0.140241,0,0,3.192.228.84
2025-02-02 15:14:29.072968,172.22.89.198,example.com,OK,0.212674,0,0,3.215.0.138
2025-02-02 15:14:30.077647,172.22.89.198,example.com,OK,0.143427,0,0,6.7.128.198
2025-02-02 15:14:31.078218,172.22.89.198,example.com,OK,0.140864,0,0,3.192.228.84
2025-02-02 15:14:32.079113,172.22.89.198,example.com,OK,0.214338,0,0,3.215.0.138
2025-02-02 15:14:33.082501,172.22.89.198,example.com,OK,0.14025,0,0,6.7.128.198
2025-02-02 15:14:34.085385,172.22.89.198,example.com,OK,0.14793,0,0,3.192.228.84
2025-02-02 15:14:35.087631,172.22.89.198,example.com,OK,0.21454,0,0,3.215.0.138
2025-02-02 15:14:36.090309,172.22.89.198,example.com,OK,0.141224,0,0,6.7.128.198
2025-02-02 15:14:37.092720,172.22.89.198,example.com,OK,0.140426,0,0,3.192.228.84
2025-02-02 15:14:38.097438,172.22.89.198,example.com,OK,0.213853,0,0,3.215.0.138
2025-02-02 15:14:39.102657,172.22.89.198,example.com,OK,0.140004,0,0,6.7.128.198
2025-02-02 15:14:40.103655,172.22.89.198,example.com,OK,0.140544,0,0,3.192.228.84
2025-02-02 15:14:41.108909,172.22.89.198,example.com,OK,0.219621,0,0,3.215.0.138
2025-02-02 15:14:42.111804,172.22.89.198,example.com,OK,0.142918,0,0,6.7.128.198
2025-02-02 15:14:43.118351,172.22.89.198,example.com,OK,0.143382,0,0,3.192.228.84
2025-02-02 15:14:44.119993,172.22.89.198,example.com,OK,0.21715,0,0,3.215.0.138
2025-02-02 15:14:45.123406,172.22.89.198,example.com,OK,0.144319,0,0,6.7.128.198
2025-02-02 15:14:46.123740,172.22.89.198,example.com,OK,0.14289,0,0,3.192.228.84
2025-02-02 15:14:47.124350,172.22.89.198,example.com,OK,0.218994,0,0,3.215.0.138
2025-02-02 15:14:48.129617,172.22.89.198,example.com,OK,0.140177,0,0,6.7.128.198
2025-02-02 15:14:49.130211,172.22.89.198,example.com,OK,0.140207,0,0,3.192.228.84
2025-02-02 15:14:50.130714,172.22.89.198,example.com,OK,0.213296,0,0,3.215.0.138
2025-02-02 15:14:51.131111,172.22.89.198,example.com,OK,0.140916,0,0,6.7.128.198
2025-02-02 15:14:52.131485,172.22.89.198,example.com,OK,0.140028,0,0,3.192.228.84
2025-02-02 15:14:53.133172,172.22.89.198,example.com,OK,0.214642,0,0,3.215.0.138
2025-02-02 15:14:54.133929,172.22.89.198,example.com,OK,0.140205,0,0,6.7.128.198
2025-02-02 15:14:55.134355,172.22.89.198,example.com,OK,0.141672,0,0,3.192.228.84
2025-02-02 15:14:56.135555,172.22.89.198,example.com,OK,0.219777,0,0,3.215.0.138
2025-02-02 15:14:57.140798,172.22.89.198,example.com,OK,0.140425,0,0,6.7.128.198
2025-02-02 15:14:58.141867,172.22.89.198,example.com,OK,0.14134,0,0,3.192.228.84
2025-02-02 15:14:56.657428,172.22.89.198,example.com,OK,0.214117,0,0,3.215.0.138
2025-02-02 15:14:57.668031,172.22.89.198,example.com,OK,0.140703,0,0,6.7.128.198
2025-02-02 15:14:58.701354,172.22.89.198,example.com,OK,0.140031,0,0,3.192.228.84
2025-02-02 15:14:59.702629,172.22.89.198,example.com,OK,0.217052,0,0,3.215.0.138
2025-02-02 15:15:00.715802,172.22.89.198,example.com,OK,0.141055,0,0,6.7.128.198
2025-02-02 15:15:01.727749,172.22.89.198,example.com,OK,0.140756,0,0,3.192.228.84
2025-02-02 15:15:02.728896,172.22.89.198,example.com,OK,0.216064,0,0,3.215.0.138
2025-02-02 15:15:03.731159,172.22.89.198,example.com,OK,0.140767,0,0,6.7.128.198
2025-02-02 15:15:04.733564,172.22.89.198,example.com,OK,0.145113,0,0,3.192.228.84
2025-02-02 15:15:05.734569,172.22.89.198,example.com,OK,0.219519,0,0,3.215.0.138
2025-02-02 15:15:06.738551,172.22.89.198,example.com,OK,0.142446,0,0,6.7.128.198
2025-02-02 15:15:07.741187,172.22.89.198,example.com,OK,0.142709,0,0,3.192.228.84
2025-02-02 15:15:08.744149,172.22.89.198,example.com,OK,0.229198,0,0,3.215.0.138
2025-02-02 15:15:09.745630,172.22.89.198,example.com,OK,0.145319,0,0,6.7.128.198
2025-02-02 15:15:10.748707,172.22.89.198,example.com,OK,0.143619,0,0,3.192.228.84
2025-02-02 15:15:11.750367,172.22.89.198,example.com,OK,0.213389,0,0,3.215.0.138
2025-02-02 15:15:12.752853,172.22.89.198,example.com,OK,0.146224,0,0,6.7.128.198
2025-02-02 15:15:13.754587,172.22.89.198,example.com,OK,0.141378,0,0,3.192.228.84
2025-02-02 15:15:14.757699,172.22.89.198,example.com,OK,0.218889,0,0,3.215.0.138
2025-02-02 15:15:15.758803,172.22.89.198,example.com,OK,0.156611,0,0,6.7.128.198
2025-02-02 15:15:16.760688,172.22.89.198,example.com,OK,0.177758,0,0,3.192.228.84
2025-02-02 15:15:17.762695,172.22.89.198,example.com,OK,0.21637,0,0,3.215.0.138
2025-02-02 15:15:18.768077,172.22.89.198,example.com,OK,0.142268,0,0,6.7.128.198
2025-02-02 15:15:19.774305,172.22.89.198,example.com,OK,0.145595,0,0,3.192.228.84
2025-02-02 15:15:20.784101,172.22.89.198,example.com,OK,0.213777,0,0,3.215.0.138
2025-02-02 15:15:21.785467,172.22.89.198,example.com,OK,0.140426,0,0,6.7.128.198
2025-02-02 15:15:22.787439,172.22.89.198,example.com,OK,0.142699,0,0,3.192.228.84
2025-02-02 15:15:23.788410,172.22.89.198,example.com,OK,0.216115,0,0,3.215.0.138
2025-02-02 15:15:24.789619,172.22.89.198,example.com,OK,0.142174,0,0,6.7.128.198
2025-02-02 15:15:25.790444,172.22.89.198,example.com,OK,0.157576,0,0,3.192.228.84
2025-02-02 15:15:26.796586,172.22.89.198,example.com,OK,0.216009,0,0,3.215.0.138
2025-02-02 15:15:27.797356,172.22.89.198,example.com,OK,0.182855,0,0,6.7.128.198
2025-02-02 15:15:28.801176,172.22.89.198,example.com,OK,0.15658,0,0,3.192.228.84
2025-02-02 15:15:27.268678,172.22.89.198,example.com,OK,0.216953,0,0,3.215.0.138
2025-02-02 15:15:28.272383,172.22.89.198,example.com,OK,0.143882,0,0,6.7.128.198
2025-02-02 15:15:29.277857,172.22.89.198,example.com,OK,0.142155,0,0,3.192.228.84
2025-02-02 15:15:30.279189,172.22.89.198,example.com,OK,0.216067,0,0,3.215.0.138
2025-02-02 15:15:31.282561,172.22.89.198,example.com,OK,0.144366,0,0,6.7.128.198
2025-02-02 15:15:32.287187,172.22.89.198,example.com,OK,0.141138,0,0,3.192.228.84
2025-02-02 15:15:33.291577,172.22.89.198,example.com,OK,0.213408,0,0,3.215.0.138
2025-02-02 15:15:34.296459,172.22.89.198,example.com,OK,0.14649,0,0,6.7.128.198
2025-02-02 15:15:35.301931,172.22.89.198,example.com,OK,0.158352,0,0,3.192.228.84
2025-02-02 15:15:36.306688,172.22.89.198,example.com,OK,0.222298,0,0,3.215.0.138
2025-02-02 15:15:37.310957,172.22.89.198,example.com,OK,0.14356,0,0,6.7.128.198
2025-02-02 15:15:38.314005,172.22.89.198,example.com,OK,0.148141,0,0,3.192.228.84
2025-02-02 15:15:39.316558,172.22.89.198,example.com,OK,0.218906,0,0,3.215.0.138
2025-02-02 15:15:40.317693,172.22.89.198,example.com,OK,0.143308,0,0,6.7.128.198
2025-02-02 15:15:41.325524,172.22.89.198,example.com,OK,0.143318,0,0,3.192.228.84
2025-02-02 15:15:42.334319,172.22.89.198,example.com,OK,0.217423,0,0,3.215.0.138
2025-02-02 15:15:43.339720,172.22.89.198,example.com,OK,0.146702,0,0,6.7.128.198
2025-02-02 15:15:44.343927,172.22.89.198,example.com,OK,0.141497,0,0,3.192.228.84
2025-02-02 15:15:45.353686,172.22.89.198,example.com,OK,0.224716,0,0,3.215.0.138
2025-02-02 15:15:46.362372,172.22.89.198,example.com,OK,0.143228,0,0,6.7.128.198
2025-02-02 15:15:47.399470,172.22.89.198,example.com,OK,0.141221,0,0,3.192.228.84
2025-02-02 15:15:48.441216,172.22.89.198,example.com,OK,0.21703,0,0,3.215.0.138
2025-02-02 15:15:49.443770,172.22.89.198,example.com,OK,0.145455,0,0,6.7.128.198
2025-02-02 15:15:50.449058,172.22.89.198,example.com,OK,0.14272,0,0,3.192.228.84
2025-02-02 15:15:51.452776,172.22.89.198,example.com,OK,0.217269,0,0,3.215.0.138
2025-02-02 15:15:52.457561,172.22.89.198,example.com,OK,0.144321,0,0,6.7.128.198
2025-02-02 15:15:53.463061,172.22.89.198,example.com,OK,0.141637,0,0,3.192.228.84
2025-02-02 15:15:54.466056,172.22.89.198,example.com,OK,0.216194,0,0,3.215.0.138
2025-02-02 15:15:55.473253,172.22.89.198,example.com,OK,0.13987,0,0,6.7.128.198
2025-02-02 15:15:56.474317,172.22.89.198,example.com,OK,0.142383,0,0,3.192.228.84
2025-02-02 15:15:57.475997,172.22.89.198,example.com,OK,0.219275,0,0,3.215.0.138
2025-02-02 15:15:58.479029,172.22.89.198,example.com,OK,0.149081,0,0,6.7.128.198
2025-02-02 15:15:56.917412,172.22.89.198,example.com,OK,0.139883,0,0,3.192.228.84
2025-02-02 15:15:57.921410,172.22.89.198,example.com,OK,0.214863,0,0,3.215.0.138
2025-02-02 15:15:58.922039,172.22.89.198,example.com,OK,0.141675,0,0,6.7.128.198
2025-02-02 15:15:59.922468,172.22.89.198,example.com,OK,0.13874,0,0,3.192.228.84
2025-02-02 15:16:00.929457,172.22.89.198,example.com,OK,0.215002,0,0,3.215.0.138
2025-02-02 15:16:01.930531,172.22.89.198,example.com,OK,0.141722,0,0,6.7.128.198
2025-02-02 15:16:02.941497,172.22.89.198,example.com,OK,0.148568,0,0,3.192.228.84
2025-02-02 15:16:03.944530,172.22.89.198,example.com,OK,0.213495,0,0,3.215.0.138
2025-02-02 15:16:04.946988,172.22.89.198,example.com,OK,0.141087,0,0,6.7.128.198
2025-02-02 15:16:05.948862,172.22.89.198,example.com,OK,0.141358,0,0,3.192.228.84
2025-02-02 15:16:07.009174,172.22.89.198,example.com,OK,0.215549,0,0,3.215.0.138
2025-02-02 15:16:08.588494,172.22.89.198,example.com,OK,0.151016,0,0,3.192.228.80
2025-02-02 15:16:09.589494,172.22.89.198,example.com,OK,0.221531,0,0,3.215.0.136
2025-02-02 16:48:40.164581,172.22.89.198,example.com,OK,0.145043,0,0,6.7.128.175
2025-02-02 16:48:41.168579,172.22.89.198,example.com,OK,0.151112,0,0,3.192.228.80
2025-02-02 16:48:42.171016,172.22.89.198,example.com,OK,0.226026,0,0,3.215.0.136
2025-02-02 16:48:43.174810,172.22.89.198,example.com,OK,0.137294,0,0,6.7.128.175
2025-02-02 16:48:44.182226,172.22.89.198,example.com,OK,0.161749,0,0,3.192.228.80
2025-02-02 16:48:45.186711,172.22.89.198,example.com,OK,0.225296,0,0,3.215.0.136
2025-02-02 16:48:46.193014,172.22.89.198,example.com,OK,0.134855,0,0,6.7.128.175
2025-02-02 16:48:47.194575,172.22.89.198,example.com,OK,0.153914,0,0,3.192.228.80
2025-02-02 16:48:48.197650,172.22.89.198,example.com,OK,0.222382,0,0,3.215.0.136
2025-02-02 16:48:49.206953,172.22.89.198,example.com,OK,0.141678,0,0,6.7.128.175
2025-02-02 16:48:50.210732,172.22.89.198,example.com,OK,0.164176,0,0,3.192.228.80
2025-02-02 16:48:51.211179,172.22.89.198,example.com,OK,0.226153,0,0,3.215.0.136
2025-02-02 16:48:52.212680,172.22.89.198,example.com,OK,0.133838,0,0,6.7.128.175
2025-02-02 16:48:53.218948,172.22.89.198,example.com,OK,0.158371,0,0,3.192.228.80
2025-02-02 16:48:54.219625,172.22.89.198,example.com,OK,0.224069,0,0,3.215.0.136
2025-02-02 16:48:55.222713,172.22.89.198,example.com,OK,0.135624,0,0,6.7.128.175
2025-02-02 16:48:56.225396,172.22.89.198,example.com,OK,0.161291,0,0,3.192.228.80
2025-02-02 16:48:57.226037,172.22.89.198,example.com,OK,0.224112,0,0,3.215.0.136
2025-02-02 16:48:58.229169,172.22.89.198,example.com,OK,0.132525,0,0,6.7.128.175
2025-02-02 16:48:59.232101,172.22.89.198,example.com,OK,0.146783,0,0,3.192.228.80
2025-02-02 16:48:57.583094,172.22.89.198,example.com,OK,0.217732,0,0,3.215.0.136
2025-02-02 16:48:58.585218,172.22.89.198,example.com,OK,0.132644,0,0,6.7.128.175
2025-02-02 16:48:59.593549,172.22.89.198,example.com,OK,0.154944,0,0,3.192.228.80
2025-02-02 16:49:00.596391,172.22.89.198,example.com,OK,0.221067,0,0,3.215.0.136
2025-02-02 16:49:01.597345,172.22.89.198,example.com,OK,0.131353,0,0,6.7.128.175
2025-02-02 16:49:02.598213,172.22.89.198,example.com,OK,0.14783,0,0,3.192.228.80
2025-02-02 16:49:03.599706,172.22.89.198,example.com,OK,0.220865,0,0,3.215.0.136
2025-02-02 16:49:04.600136,172.22.89.198,example.com,OK,0.140946,0,0,6.7.128.175
2025-02-02 16:49:05.601348,172.22.89.198,example.com,OK,0.150924,0,0,3.192.228.80
2025-02-02 16:49:06.602699,172.22.89.198,example.com,OK,0.221248,0,0,3.215.0.136
2025-02-02 16:49:07.610401,172.22.89.198,example.com,OK,0.132149,0,0,6.7.128.175
2025-02-02 16:49:08.611576,172.22.89.198,example.com,OK,0.151298,0,0,3.192.228.80
2025-02-02 16:49:09.643797,172.22.89.198,example.com,OK,0.221483,0,0,3.215.0.136
2025-02-02 16:49:10.644443,172.22.89.198,example.com,OK,0.133024,0,0,6.7.128.175
2025-02-02 16:49:11.671488,172.22.89.198,example.com,OK,0.149674,0,0,3.192.228.80
2025-02-02 16:49:12.672123,172.22.89.198,example.com,OK,0.222574,0,0,3.215.0.136
2025-02-02 16:49:13.672705,172.22.89.198,example.com,OK,0.134647,0,0,6.7.128.175
2025-02-02 16:49:14.673143,172.22.89.198,example.com,OK,0.166413,0,0,3.192.228.80
2025-02-02 16:49:15.674491,172.22.89.198,example.com,OK,0.22704,0,0,3.215.0.136
2025-02-02 16:49:16.675299,172.22.89.198,example.com,OK,0.136902,0,0,6.7.128.175
2025-02-02 16:49:17.676341,172.22.89.198,example.com,OK,0.152201,0,0,3.192.228.80
2025-02-02 16:49:18.719838,172.22.89.198,example.com,OK,0.22498,0,0,3.215.0.136
2025-02-02 16:49:19.722032,172.22.89.198,example.com,OK,0.134499,0,0,6.7.128.175
2025-02-02 16:49:20.722487,172.22.89.198,example.com,OK,0.153751,0,0,3.192.228.80
2025-02-02 16:49:21.731615,172.22.89.198,example.com,OK,0.224739,0,0,3.215.0.136
2025-02-02 16:49:22.732267,172.22.89.198,example.com,OK,0.135636,0,0,6.7.128.175
2025-02-02 16:49:23.732790,172.22.89.198,example.com,OK,0.15612,0,0,3.192.228.80
2025-02-02 16:49:24.733550,172.22.89.198,example.com,OK,0.226169,0,0,3.215.0.136
2025-02-02 16:49:25.734167,172.22.89.198,example.com,OK,0.134454,0,0,6.7.128.175
2025-02-02 16:49:26.760696,172.22.89.198,example.com,OK,0.150747,0,0,3.192.228.80
2025-02-02 16:49:27.761171,172.22.89.198,example.com,OK,0.222273,0,0,3.215.0.136
2025-02-02 16:49:28.762250,172.22.89.198,example.com,OK,0.134752,0,0,6.7.128.175
2025-02-02 16:49:29.786571,172.22.89.198,example.com,OK,-2.489352,0,0,3.192.228.80
2025-02-02 16:49:30.790283,172.22.89.198,example.com,OK,0.219693,0,0,3.215.0.136
2025-02-02 16:49:31.791422,172.22.89.198,example.com,OK,0.138284,0,0,6.7.128.175
2025-02-02 16:49:32.809203,172.22.89.198,example.com,OK,0.146115,0,0,3.192.228.80
2025-02-02 16:49:33.810241,172.22.89.198,example.com,OK,0.220306,0,0,3.215.0.136
2025-02-02 16:49:34.818061,172.22.89.198,example.com,OK,0.131379,0,0,6.7.128.175
2025-02-02 16:49:35.825805,172.22.89.198,example.com,OK,0.146818,0,0,3.192.228.80
2025-02-02 16:49:36.834850,172.22.89.198,example.com,OK,0.218438,0,0,3.215.0.136
2025-02-02 16:49:37.838232,172.22.89.198,example.com,OK,0.131891,0,0,6.7.128.175
2025-02-02 16:49:38.848126,172.22.89.198,example.com,OK,0.150041,0,0,3.192.228.80
2025-02-02 16:49:39.858933,172.22.89.198,example.com,OK,0.225998,0,0,3.215.0.136
2025-02-02 16:49:40.868430,172.22.89.198,example.com,OK,0.134668,0,0,6.7.128.175
2025-02-02 16:49:41.892353,172.22.89.198,example.com,OK,0.15376,0,0,3.192.228.80
2025-02-02 16:49:42.899171,172.22.89.198,example.com,OK,0.226944,0,0,3.215.0.136
2025-02-02 16:49:43.906023,172.22.89.198,example.com,OK,0.135167,0,0,6.7.128.175
2025-02-02 16:49:44.914367,172.22.89.198,example.com,OK,0.184381,0,0,3.192.228.80
2025-02-02 16:49:45.920549,172.22.89.198,example.com,OK,0.229324,0,0,3.215.0.136
2025-02-02 16:49:46.925394,172.22.89.198,example.com,OK,0.141193,0,0,6.7.128.175
2025-02-02 16:49:47.929174,172.22.89.198,example.com,OK,0.155066,0,0,3.192.228.80
2025-02-02 16:49:48.932401,172.22.89.198,example.com,OK,0.225739,0,0,3.215.0.136
2025-02-02 16:49:49.934856,172.22.89.198,example.com,OK,0.16123,0,0,6.7.128.175
2025-02-02 16:49:50.935956,172.22.89.198,example.com,OK,0.186331,0,0,3.192.228.80
2025-02-02 16:49:51.937869,172.22.89.198,example.com,OK,0.22599,0,0,3.215.0.136
2025-02-02 16:49:52.939461,172.22.89.198,example.com,OK,0.134708,0,0,6.7.128.175
2025-02-02 16:49:53.942565,172.22.89.198,example.com,OK,0.158588,0,0,3.192.228.80
2025-02-02 16:49:54.951701,172.22.89.198,example.com,OK,0.234278,0,0,3.215.0.136
2025-02-02 16:49:55.955686,172.22.89.198,example.com,OK,0.130795,0,0,6.7.128.175
2025-02-02 16:49:56.960907,172.22.89.198,example.com,OK,0.155379,0,0,3.192.228.80
2025-02-02 16:49:57.961909,172.22.89.198,example.com,OK,0.221555,0,0,3.215.0.136
2025-02-02 16:49:58.962191,172.22.89.198,example.com,OK,0.133596,0,0,6.7.128.175
2025-02-02 16:49:57.283600,172.22.89.198,example.com,OK,0.158184,0,0,3.192.228.80
2025-02-02 16:49:58.308917,172.22.89.198,example.com,OK,0.219478,0,0,3.215.0.136
2025-02-02 16:49:59.320013,172.22.89.198,example.com,OK,0.134054,0,0,6.7.128.175
2025-02-02 16:50:00.338448,172.22.89.198,example.com,OK,0.153684,0,0,3.192.228.80
2025-02-02 16:50:01.345572,172.22.89.198,example.com,OK,0.221087,0,0,3.215.0.136
2025-02-02 16:50:02.367325,172.22.89.198,example.com,OK,0.133464,0,0,6.7.128.175
2025-02-02 16:50:03.368503,172.22.89.198,example.com,OK,0.148214,0,0,3.192.228.80
2025-02-02 16:50:04.369543,172.22.89.198,example.com,OK,0.222714,0,0,3.215.0.136
2025-02-02 16:50:05.372209,172.22.89.198,example.com,OK,0.134486,0,0,6.7.128.175
2025-02-02 16:50:06.373756,172.22.89.198,example.com,OK,0.159099,0,0,3.192.228.80
2025-02-02 16:50:07.374823,172.22.89.198,example.com,OK,0.222019,0,0,3.215.0.136
2025-02-02 16:50:08.377111,172.22.89.198,example.com,OK,0.134952,0,0,6.7.128.175
2025-02-02 16:50:09.378784,172.22.89.198,example.com,OK,0.149409,0,0,3.192.228.80
2025-02-02 16:50:10.380449,172.22.89.198,example.com,OK,0.22377,0,0,3.215.0.136
2025-02-02 16:50:11.382068,172.22.89.198,example.com,OK,0.133799,0,0,6.7.128.175
2025-02-02 16:50:12.388131,172.22.89.198,example.com,OK,0.157673,0,0,3.192.228.80
2025-02-02 16:50:13.393339,172.22.89.198,example.com,OK,0.226171,0,0,3.215.0.136
2025-02-02 16:50:14.395276,172.22.89.198,example.com,OK,0.139193,0,0,6.7.128.175
2025-02-02 16:50:15.401561,172.22.89.198,example.com,OK,0.151302,0,0,3.192.228.80
2025-02-02 16:50:16.406069,172.22.89.198,example.com,OK,0.225044,0,0,3.215.0.136
2025-02-02 16:50:17.408358,172.22.89.198,example.com,OK,0.138371,0,0,6.7.128.175
2025-02-02 16:50:18.410901,172.22.89.198,example.com,OK,0.153872,0,0,3.192.228.80
2025-02-02 16:50:19.412124,172.22.89.198,example.com,OK,0.231193,0,0,3.215.0.136
2025-02-02 16:50:20.422599,172.22.89.198,example.com,OK,0.138858,0,0,6.7.128.175
2025-02-02 16:50:21.424010,172.22.89.198,example.com,OK,0.146944,0,0,3.192.228.80
2025-02-02 16:50:22.434800,172.22.89.198,example.com,OK,0.222901,0,0,3.215.0.136
2025-02-02 16:50:23.482104,172.22.89.198,example.com,OK,0.136231,0,0,6.7.128.175
2025-02-02 16:50:24.551161,172.22.89.198,example.com,OK,0.152954,0,0,3.192.228.80
2025-02-02 16:50:25.551701,172.22.89.198,example.com,OK,0.225323,0,0,3.215.0.136
2025-02-02 16:50:26.556966,172.22.89.198,example.com,OK,0.133424,0,0,6.7.128.175
2025-02-02 16:50:27.616673,172.22.89.198,example.com,OK,0.150243,0,0,3.192.228.80
2025-02-02 16:50:28.620716,172.22.89.198,example.com,OK,0.22485,0,0,3.215.0.136
2025-02-02 16:50:26.997149,172.22.89.198,example.com,OK,0.137249,0,0,6.7.128.175
2025-02-02 16:50:28.040588,172.22.89.198,example.com,OK,0.153406,0,0,3.192.228.80
2025-02-02 16:50:29.105275,172.22.89.198,example.com,OK,0.224349,0,0,3.215.0.136
2025-02-02 16:50:30.106074,172.22.89.198,example.com,OK,0.130485,0,0,6.7.128.175
2025-02-02 16:50:31.106837,172.22.89.198,example.com,OK,0.151336,0,0,3.192.228.80
2025-02-02 16:50:32.108431,172.22.89.198,example.com,OK,0.219996,0,0,3.215.0.136
2025-02-02 16:50:33.111525,172.22.89.198,example.com,OK,0.132246,0,0,6.7.128.175
2025-02-02 16:50:34.168212,172.22.89.198,example.com,OK,0.148708,0,0,3.192.228.80
2025-02-02 16:50:35.228409,172.22.89.198,example.com,OK,0.220257,0,0,3.215.0.136
2025-02-02 16:50:36.232472,172.22.89.198,example.com,OK,0.134977,0,0,6.7.128.175
2025-02-02 16:50:37.233109,172.22.89.198,example.com,OK,0.150577,0,0,3.192.228.80
2025-02-02 16:50:38.293336,172.22.89.198,example.com,OK,0.233732,0,0,3.215.0.136
2025-02-02 16:50:39.362105,172.22.89.198,example.com,OK,0.136402,0,0,6.7.128.175
2025-02-02 16:50:40.414072,172.22.89.198,example.com,OK,0.167786,0,0,3.192.228.80
2025-02-02 16:50:41.424705,172.22.89.198,example.com,OK,0.226801,0,0,3.215.0.136
2025-02-02 16:50:42.489517,172.22.89.198,example.com,OK,0.140242,0,0,6.7.128.175
2025-02-02 16:50:43.507828,172.22.89.198,example.com,OK,0.155443,0,0,3.192.228.80
2025-02-02 16:50:44.515629,172.22.89.198,example.com,OK,0.226931,0,0,3.215.0.136
2025-02-02 16:50:45.535684,172.22.89.198,example.com,OK,0.136133,0,0,6.7.128.175
2025-02-02 16:50:46.610357,172.22.89.198,example.com,OK,0.156895,0,0,3.192.228.80
2025-02-02 16:50:47.628723,172.22.89.198,example.com,OK,0.232849,0,0,3.215.0.136
2025-02-02 16:50:48.635925,172.22.89.198,example.com,OK,0.136362,0,0,6.7.128.175
2025-02-02 16:50:49.639742,172.22.89.198,example.com,OK,0.153748,0,0,3.192.228.80
2025-02-02 16:50:50.646961,172.22.89.198,example.com,OK,0.225715,0,0,3.215.0.136
2025-02-02 16:50:51.652376,172.22.89.198,example.com,OK,0.140391,0,0,6.7.128.175
2025-02-02 16:50:52.728102,172.22.89.198,example.com,OK,0.182106,0,0,3.192.228.80
2025-02-02 16:50:53.731009,172.22.89.198,example.com,OK,0.227603,0,0,3.215.0.136
2025-02-02 16:50:54.732352,172.22.89.198,example.com,OK,0.197526,0,0,6.7.128.175
2025-02-02 16:50:55.732853,172.22.89.198,example.com,OK,0.174709,0,0,3.192.228.80
2025-02-02 16:50:56.733249,172.22.89.198,example.com,OK,0.22491,0,0,3.215.0.136
2025-02-02 16:50:57.735740,172.22.89.198,example.com,OK,0.134421,0,0,6.7.128.175
2025-02-02 16:50:58.736433,172.22.89.198,example.com,OK,0.142221,0,0,3.192.228.84
2025-02-02 16:50:57.077291,172.22.89.198,example.com,OK,0.217417,0,0,3.215.0.138
2025-02-02 16:50:58.078251,172.22.89.198,example.com,OK,0.145251,0,0,6.7.128.198
2025-02-02 16:50:59.099939,172.22.89.198,example.com,OK,0.145244,0,0,3.192.228.84
2025-02-02 16:51:00.121241,172.22.89.198,example.com,OK,0.218607,0,0,3.215.0.138
2025-02-02 16:51:01.142643,172.22.89.198,example.com,OK,0.144268,0,0,6.7.128.198
2025-02-02 16:51:02.143241,172.22.89.198,example.com,OK,0.142778,0,0,3.192.228.84
2025-02-02 16:51:03.148648,172.22.89.198,example.com,OK,0.215989,0,0,3.215.0.138
2025-02-02 16:51:04.150194,172.22.89.198,example.com,OK,0.146862,0,0,6.7.128.198
2025-02-02 16:51:05.174008,172.22.89.198,example.com,OK,0.147574,0,0,3.192.228.84
2025-02-02 16:51:06.197494,172.22.89.198,example.com,OK,0.218837,0,0,3.215.0.138
2025-02-02 16:51:07.221124,172.22.89.198,example.com,OK,0.14274,0,0,6.7.128.198
2025-02-02 16:51:08.221644,172.22.89.198,example.com,OK,0.144489,0,0,3.192.228.84
2025-02-02 16:51:09.222692,172.22.89.198,example.com,OK,0.218561,0,0,3.215.0.138
2025-02-02 16:51:10.231181,172.22.89.198,example.com,OK,0.151988,0,0,6.7.128.198
2025-02-02 16:51:11.256581,172.22.89.198,example.com,OK,0.144468,0,0,3.192.228.84
2025-02-02 16:51:12.284871,172.22.89.198,example.com,OK,0.220816,0,0,3.215.0.138
2025-02-02 16:51:13.317718,172.22.89.198,example.com,OK,0.14827,0,0,6.7.128.198
2025-02-02 16:51:14.319946,172.22.89.198,example.com,OK,0.155633,0,0,3.192.228.84
2025-02-02 16:51:15.333862,172.22.89.198,example.com,OK,0.220386,0,0,3.215.0.138
2025-02-02 16:51:16.334415,172.22.89.198,example.com,OK,0.147134,0,0,6.7.128.198
2025-02-02 16:51:17.335270,172.22.89.198,example.com,OK,0.146732,0,0,3.192.228.84
2025-02-02 16:51:18.336058,172.22.89.198,example.com,OK,0.226767,0,0,3.215.0.138
2025-02-02 16:51:19.336970,172.22.89.198,example.com,OK,0.143373,0,0,6.7.128.198
2025-02-02 16:51:20.338985,172.22.89.198,example.com,OK,0.138712,0,0,3.192.228.84
2025-02-02 16:51:21.341894,172.22.89.198,example.com,OK,0.217482,0,0,3.215.0.138
2025-02-02 16:51:22.358836,172.22.89.198,example.com,OK,0.142271,0,0,6.7.128.198
2025-02-02 16:51:23.363926,172.22.89.198,example.com,OK,0.142802,0,0,3.192.228.84
2025-02-02 16:51:24.369750,172.22.89.198,example.com,OK,0.218958,0,0,3.215.0.138
2025-02-02 16:51:25.370786,172.22.89.198,example.com,OK,0.1427,0,0,6.7.128.198
2025-02-02 16:51:26.374307,172.22.89.198,example.com,OK,0.141715,0,0,3.192.228.84
2025-02-02 16:51:27.377459,172.22.89.198,example.com,OK,0.219896,0,0,3.215.0.138
2025-02-02 16:51:28.378156,172.22.89.198,example.com,OK,0.14349,0,0,6.7.128.198
2025-02-02 16:51:26.738250,172.22.89.198,example.com,OK,0.146592,0,0,3.192.228.84
2025-02-02 16:51:27.768126,172.22.89.198,example.com,OK,0.216127,0,0,3.215.0.138
2025-02-02 16:51:28.799691,172.22.89.198,example.com,OK,0.144985,0,0,6.7.128.198
2025-02-02 16:51:29.803262,172.22.89.198,example.com,OK,0.138665,0,0,3.192.228.84
2025-02-02 16:51:30.831709,172.22.89.198,example.com,OK,0.215665,0,0,3.215.0.138
2025-02-02 16:51:31.833725,172.22.89.198,example.com,OK,0.149085,0,0,6.7.128.198
2025-02-02 16:51:32.834882,172.22.89.198,example.com,OK,0.140082,0,0,3.192.228.84
2025-02-02 16:51:33.836245,172.22.89.198,example.com,OK,0.217609,0,0,3.215.0.138
2025-02-02 16:51:34.839416,172.22.89.198,example.com,OK,0.149756,0,0,6.7.128.198
2025-02-02 16:51:35.841037,172.22.89.198,example.com,OK,0.140526,0,0,3.192.228.84
2025-02-02 16:51:36.842808,172.22.89.198,example.com,OK,0.230214,0,0,3.215.0.138
2025-02-02 16:51:37.846392,172.22.89.198,example.com,OK,0.152141,0,0,6.7.128.198
2025-02-02 16:51:38.848959,172.22.89.198,example.com,OK,0.155122,0,0,3.192.228.84
2025-02-02 16:51:39.853816,172.22.89.198,example.com,OK,0.221733,0,0,3.215.0.138
2025-02-02 16:51:40.856495,172.22.89.198,example.com,OK,0.157857,0,0,6.7.128.198
2025-02-02 16:51:41.929190,172.22.89.198,example.com,OK,0.145707,0,0,3.192.228.84
2025-02-02 16:51:42.931451,172.22.89.198,example.com,OK,0.220589,0,0,3.215.0.138
2025-02-02 16:51:43.935595,172.22.89.198,example.com,OK,0.144888,0,0,6.7.128.198
2025-02-02 16:51:44.936117,172.22.89.198,example.com,OK,0.177997,0,0,3.192.228.84
2025-02-02 16:51:45.988005,172.22.89.198,example.com,OK,0.225437,0,0,3.215.0.138
2025-02-02 16:51:46.990497,172.22.89.198,example.com,OK,0.145,0,0,6.7.128.198
2025-02-02 16:51:47.998268,172.22.89.198,example.com,OK,0.146955,0,0,3.192.228.84
2025-02-02 16:51:49.000130,172.22.89.198,example.com,OK,0.23237,0,0,3.215.0.138
2025-02-02 16:51:50.000986,172.22.89.198,example.com,OK,0.145368,0,0,6.7.128.198
2025-02-02 16:51:51.002041,172.22.89.198,example.com,OK,0.156201,0,0,3.192.228.84
2025-02-02 16:51:52.058535,172.22.89.198,example.com,OK,0.217886,0,0,3.215.0.138
2025-02-02 16:51:53.114238,172.22.89.198,example.com,OK,0.155173,0,0,6.7.128.198
2025-02-02 16:51:54.120033,172.22.89.198,example.com,OK,0.144599,0,0,3.192.228.84
2025-02-02 16:51:55.123986,172.22.89.198,example.com,OK,0.213426,0,0,3.215.0.138
2025-02-02 16:51:56.126765,172.22.89.198,example.com,OK,0.14486,0,0,6.7.128.198
2025-02-02 16:51:57.132865,172.22.89.198,example.com,OK,0.178328,0,0,3.192.228.84
2025-02-02 16:51:58.141747,172.22.89.198,example.com,OK,0.259747,0,0,3.215.0.138
2025-02-02 16:51:56.490744,172.22.89.198,example.com,OK,0.139311,0,0,6.7.128.198
2025-02-02 16:51:57.492224,172.22.89.198,example.com,OK,0.149559,0,0,3.192.228.84
2025-02-02 16:51:58.495180,172.22.89.198,example.com,OK,0.222215,0,0,3.215.0.138
2025-02-02 16:51:59.497835,172.22.89.198,example.com,OK,0.141874,0,0,6.7.128.198
2025-02-02 16:52:00.500641,172.22.89.198,example.com,OK,0.148488,0,0,3.192.228.84
2025-02-02 16:52:01.504458,172.22.89.198,example.com,OK,0.214618,0,0,3.215.0.138
2025-02-02 16:52:02.507587,172.22.89.198,example.com,OK,0.141606,0,0,6.7.128.198
2025-02-02 16:52:03.513493,172.22.89.198,example.com,OK,0.143876,0,0,3.192.228.84
2025-02-02 16:52:04.515001,172.22.89.198,example.com,OK,0.216309,0,0,3.215.0.138
2025-02-02 16:52:05.520085,172.22.89.198,example.com,OK,0.1434,0,0,6.7.128.198
2025-02-02 16:52:06.521442,172.22.89.198,example.com,OK,0.143019,0,0,3.192.228.84
2025-02-02 16:52:07.523061,172.22.89.198,example.com,OK,0.217044,0,0,3.215.0.138
2025-02-02 16:52:08.524301,172.22.89.198,example.com,OK,0.141927,0,0,6.7.128.198
2025-02-02 16:52:09.525253,172.22.89.198,example.com,OK,0.143893,0,0,3.192.228.84
2025-02-02 16:52:10.535554,172.22.89.198,example.com,OK,0.231265,0,0,3.215.0.138
2025-02-02 16:52:11.544928,172.22.89.198,example.com,OK,0.145512,0,0,6.7.128.198
2025-02-02 16:52:12.555527,172.22.89.198,example.com,OK,0.146917,0,0,3.192.228.84
2025-02-02 16:52:13.560763,172.22.89.198,example.com,OK,0.256089,0,0,3.215.0.138
2025-02-02 16:52:14.561053,172.22.89.198,example.com,OK,0.145493,0,0,6.7.128.198
2025-02-02 16:52:15.563030,172.22.89.198,example.com,OK,0.144525,0,0,3.192.228.84
2025-02-02 16:52:16.565313,172.22.89.198,example.com,OK,0.218915,0,0,3.215.0.138
2025-02-02 16:52:17.566448,172.22.89.198,example.com,OK,0.144507,0,0,6.7.128.198
2025-02-02 16:52:18.568793,172.22.89.198,example.com,OK,0.141679,0,0,3.192.228.84
2025-02-02 16:52:19.570218,172.22.89.198,example.com,OK,0.219599,0,0,3.215.0.138
2025-02-02 16:52:20.570601,172.22.89.198,example.com,OK,0.138831,0,0,6.7.128.198
2025-02-02 16:52:21.572575,172.22.89.198,example.com,OK,0.145302,0,0,3.192.228.84
2025-02-02 16:52:22.573220,172.22.89.198,example.com,OK,0.215608,0,0,3.215.0.138
2025-02-02 16:52:23.574915,172.22.89.198,example.com,OK,0.142461,0,0,6.7.128.198
2025-02-02 16:52:24.576882,172.22.89.198,example.com,OK,0.142857,0,0,3.192.228.84
2025-02-02 16:52:25.579015,172.22.89.198,example.com,OK,0.215693,0,0,3.215.0.138
2025-02-02 16:52:26.580818,172.22.89.198,example.com,OK,0.142708,0,0,6.7.128.198
2025-02-02 16:52:27.586092,172.22.89.198,example.com,OK,0.145516,0,0,3.192.228.84
2025-02-02 16:52:25.971199,172.22.89.198,example.com,OK,0.219102,0,0,3.215.0.138
2025-02-02 16:52:26.978853,172.22.89.198,example.com,OK,0.149484,0,0,6.7.128.198
2025-02-02 16:52:27.980672,172.22.89.198,example.com,OK,0.149176,0,0,3.192.228.84
2025-02-02 16:52:28.981408,172.22.89.198,example.com,OK,0.217811,0,0,3.215.0.138
2025-02-02 16:52:29.981723,172.22.89.198,example.com,OK,0.151495,0,0,6.7.128.198
2025-02-02 16:52:30.983602,172.22.89.198,example.com,OK,0.144114,0,0,3.192.228.84
2025-02-02 16:52:31.984230,172.22.89.198,example.com,OK,0.218335,0,0,3.215.0.138
2025-02-02 16:52:32.985488,172.22.89.198,example.com,OK,0.141512,0,0,6.7.128.198
2025-02-02 16:52:33.986374,172.22.89.198,example.com,OK,0.158509,0,0,3.192.228.84
2025-02-02 16:52:34.987831,172.22.89.198,example.com,OK,0.22347,0,0,3.215.0.138
2025-02-02 16:52:35.988825,172.22.89.198,example.com,OK,0.14183,0,0,6.7.128.198
2025-02-02 16:52:36.989907,172.22.89.198,example.com,OK,0.142272,0,0,3.192.228.84
2025-02-02 16:52:37.990257,172.22.89.198,example.com,OK,0.220763,0,0,3.215.0.138
2025-02-02 16:52:38.991256,172.22.89.198,example.com,OK,0.147575,0,0,6.7.128.198
2025-02-02 16:52:40.062940,172.22.89.198,example.com,OK,0.144542,0,0,3.192.228.84
2025-02-02 16:52:41.063435,172.22.89.198,example.com,OK,0.22216,0,0,3.215.0.138
2025-02-02 16:52:42.065673,172.22.89.198,example.com,OK,0.143141,0,0,6.7.128.198
2025-02-02 16:52:43.066188,172.22.89.198,example.com,OK,0.152345,0,0,3.192.228.84
2025-02-02 16:52:44.067992,172.22.89.198,example.com,OK,0.217256,0,0,3.215.0.138
2025-02-02 16:52:45.069167,172.22.89.198,example.com,OK,0.145055,0,0,6.7.128.198
2025-02-02 16:52:46.070475,172.22.89.198,example.com,OK,0.14563,0,0,3.192.228.84
2025-02-02 16:52:47.075614,172.22.89.198,example.com,OK,0.235781,0,0,3.215.0.138
2025-02-02 16:52:48.080408,172.22.89.198,example.com,OK,0.145361,0,0,6.7.128.198
2025-02-02 16:52:49.082090,172.22.89.198,example.com,OK,0.144555,0,0,3.192.228.84
2025-02-02 16:52:50.082596,172.22.89.198,example.com,OK,0.218702,0,0,3.215.0.138
2025-02-02 16:52:51.084740,172.22.89.198,example.com,OK,0.145573,0,0,6.7.128.198
2025-02-02 16:52:52.086384,172.22.89.198,example.com,OK,0.1429,0,0,3.192.228.84
2025-02-02 16:52:53.087178,172.22.89.198,example.com,OK,0.22857,0,0,3.215.0.138
2025-02-02 16:52:54.089178,172.22.89.198,example.com,OK,0.142691,0,0,6.7.128.198
2025-02-02 16:52:55.091677,172.22.89.198,example.com,OK,0.141349,0,0,3.192.228.84
2025-02-02 16:52:56.094337,172.22.89.198,example.com,OK,0.215532,0,0,3.215.0.138
2025-02-02 16:52:57.098089,172.22.89.198,example.com,OK,0.201996,0,0,6.7.128.198
2025-02-02 16:52:58.101253,172.22.89.198,example.com,OK,0.168256,0,0,3.192.228.84
2025-02-02 16:52:56.483415,172.22.89.198,example.com,OK,0.220091,0,0,3.215.0.138
2025-02-02 16:52:57.509330,172.22.89.198,example.com,OK,0.149142,0,0,6.7.128.198
2025-02-02 16:52:58.532918,172.22.89.198,example.com,OK,0.143713,0,0,3.192.228.84
2025-02-02 16:52:59.536853,172.22.89.198,example.com,OK,0.213255,0,0,3.215.0.138
2025-02-02 16:53:00.540366,172.22.89.198,example.com,OK,0.141412,0,0,6.7.128.198
2025-02-02 16:53:01.542958,172.22.89.198,example.com,OK,0.142314,0,0,3.192.228.84
2025-02-02 16:53:02.545995,172.22.89.198,example.com,OK,0.216714,0,0,3.215.0.138
2025-02-02 16:53:03.548522,172.22.89.198,example.com,OK,0.143342,0,0,6.7.128.198
2025-02-02 16:53:04.550188,172.22.89.198,example.com,OK,0.143441,0,0,3.192.228.84
2025-02-02 16:53:05.551043,172.22.89.198,example.com,OK,0.233453,0,0,3.215.0.138
2025-02-02 16:53:06.559037,172.22.89.198,example.com,OK,0.14178,0,0,6.7.128.198
2025-02-02 16:53:07.560178,172.22.89.198,example.com,OK,0.14107,0,0,3.192.228.84
2025-02-02 16:53:08.592270,172.22.89.198,example.com,OK,0.218795,0,0,3.215.0.138
2025-02-02 16:53:09.647465,172.22.89.198,example.com,OK,0.144529,0,0,6.7.128.198
2025-02-02 16:53:10.662842,172.22.89.198,example.com,OK,0.140581,0,0,3.192.228.84
2025-02-02 16:53:11.663875,172.22.89.198,example.com,OK,0.223138,0,0,3.215.0.138
2025-02-02 16:53:12.667179,172.22.89.198,example.com,OK,0.148428,0,0,6.7.128.198
2025-02-02 16:53:13.669123,172.22.89.198,example.com,OK,0.141538,0,0,3.192.228.84
2025-02-02 16:53:14.694761,172.22.89.198,example.com,OK,0.218582,0,0,3.215.0.138
2025-02-02 16:53:15.735773,172.22.89.198,example.com,OK,0.147546,0,0,6.7.128.198
2025-02-02 16:53:16.736738,172.22.89.198,example.com,OK,0.142455,0,0,3.192.228.84
2025-02-02 16:53:17.738473,172.22.89.198,example.com,OK,0.217503,0,0,3.215.0.138
2025-02-02 16:53:18.763994,172.22.89.198,example.com,OK,0.144028,0,0,6.7.128.198
2025-02-02 16:53:19.791794,172.22.89.198,example.com,OK,0.149658,0,0,3.192.228.84
2025-02-02 16:53:20.793945,172.22.89.198,example.com,OK,0.216709,0,0,3.215.0.138
2025-02-02 16:53:21.798688,172.22.89.198,example.com,OK,0.141237,0,0,6.7.128.198
2025-02-02 16:53:22.801385,172.22.89.198,example.com,OK,0.143494,0,0,3.192.228.84
2025-02-02 16:53:23.802448,172.22.89.198,example.com,OK,0.22037,0,0,3.215.0.138
2025-02-02 16:53:24.804124,172.22.89.198,example.com,OK,0.145451,0,0,6.7.128.198
2025-02-02 16:53:25.808947,172.22.89.198,example.com,OK,0.141255,0,0,3.192.228.84
2025-02-02 16:53:26.816148,172.22.89.198,example.com,OK,0.225005,0,0,3.215.0.138
2025-02-02 16:53:27.821757,172.22.89.198,example.com,OK,0.14306,0,0,6.7.128.198
2025-02-02 16:53:26.197566,172.22.89.198,example.com,OK,0.141533,0,0,3.192.228.84
2025-02-02 16:53:27.217929,172.22.89.198,example.com,OK,0.219369,0,0,3.215.0.138
2025-02-02 16:53:28.242004,172.22.89.198,example.com,OK,0.144873,0,0,6.7.128.198
2025-02-02 16:53:29.267984,172.22.89.198,example.com,OK,0.142999,0,0,3.192.228.84
2025-02-02 16:53:30.275074,172.22.89.198,example.com,OK,0.21686,0,0,3.215.0.138
2025-02-02 16:53:31.276290,172.22.89.198,example.com,OK,0.144469,0,0,6.7.128.198
2025-02-02 16:53:32.276689,172.22.89.198,example.com,OK,0.138891,0,0,3.192.228.84
2025-02-02 16:53:33.281043,172.22.89.198,example.com,OK,0.215823,0,0,3.215.0.138
2025-02-02 16:53:34.283620,172.22.89.198,example.com,OK,0.140682,0,0,6.7.128.198
2025-02-02 16:53:35.287139,172.22.89.198,example.com,OK,0.141077,0,0,3.192.228.84
2025-02-02 16:53:36.315275,172.22.89.198,example.com,OK,0.217584,0,0,3.215.0.138
2025-02-02 16:53:37.354319,172.22.89.198,example.com,OK,0.144333,0,0,6.7.128.198
2025-02-02 16:53:38.361730,172.22.89.198,example.com,OK,0.145598,0,0,3.192.228.84
2025-02-02 16:53:39.385520,172.22.89.198,example.com,OK,0.222922,0,0,3.215.0.138
2025-02-02 16:53:40.386920,172.22.89.198,example.com,OK,0.146467,0,0,6.7.128.198
2025-02-02 16:53:41.433442,172.22.89.198,example.com,OK,0.146269,0,0,3.192.228.84
2025-02-02 16:53:42.437951,172.22.89.198,example.com,OK,0.21892,0,0,3.215.0.138
2025-02-02 16:53:43.442923,172.22.89.198,example.com,OK,0.14339,0,0,6.7.128.198
2025-02-02 16:53:44.447911,172.22.89.198,example.com,OK,0.143009,0,0,3.192.228.84
2025-02-02 16:53:45.452358,172.22.89.198,example.com,OK,0.223041,0,0,3.215.0.138
2025-02-02 16:53:46.454285,172.22.89.198,example.com,OK,0.143155,0,0,6.7.128.198
2025-02-02 16:53:47.455066,172.22.89.198,example.com,OK,0.143566,0,0,3.192.228.84
2025-02-02 16:53:48.456348,172.22.89.198,example.com,OK,0.227153,0,0,3.215.0.138
2025-02-02 16:53:49.460101,172.22.89.198,example.com,OK,0.145167,0,0,6.7.128.198
2025-02-02 16:53:50.463069,172.22.89.198,example.com,OK,0.14357,0,0,3.192.228.84
2025-02-02 16:53:51.478994,172.22.89.198,example.com,OK,0.226106,0,0,3.215.0.138
2025-02-02 16:53:52.485567,172.22.89.198,example.com,OK,0.15276,0,0,6.7.128.198
2025-02-02 16:53:53.486695,172.22.89.198,example.com,OK,0.15799,0,0,3.192.228.84
2025-02-02 16:53:54.491828,172.22.89.198,example.com,OK,0.21227,0,0,3.215.0.138
2025-02-02 16:53:55.494179,172.22.89.198,example.com,OK,0.139472,0,0,6.7.128.198
2025-02-02 16:53:56.519061,172.22.89.198,example.com,OK,0.146054,0,0,3.192.228.84
2025-02-02 16:53:57.543940,172.22.89.198,example.com,OK,0.214897,0,0,3.215.0.138
2025-02-02 16:53:55.903611,172.22.89.198,example.com,OK,0.263347,0,0,6.7.128.198
2025-02-02 16:53:56.904291,172.22.89.198,example.com,OK,0.15816,0,0,3.192.228.84
2025-02-02 16:53:57.905041,172.22.89.198,example.com,OK,0.213483,0,0,3.215.0.138
2025-02-02 16:53:58.912262,172.22.89.198,example.com,OK,0.146855,0,0,6.7.128.198
2025-02-02 16:53:59.917545,172.22.89.198,example.com,OK,0.138855,0,0,3.192.228.84
2025-02-02 16:54:00.919226,172.22.89.198,example.com,OK,0.216629,0,0,3.215.0.138
2025-02-02 16:54:01.920199,172.22.89.198,example.com,OK,0.142894,0,0,6.7.128.198
2025-02-02 16:54:02.921367,172.22.89.198,example.com,OK,0.147707,0,0,3.192.228.84
2025-02-02 16:54:03.928367,172.22.89.198,example.com,OK,0.218571,0,0,3.215.0.138
2025-02-02 16:54:04.931135,172.22.89.198,example.com,OK,0.148997,0,0,6.7.128.198
2025-02-02 16:54:05.932954,172.22.89.198,example.com,OK,0.145675,0,0,3.192.228.84
2025-02-02 16:54:06.933291,172.22.89.198,example.com,OK,0.221672,0,0,3.215.0.138
2025-02-02 16:54:07.933881,172.22.89.198,example.com,OK,0.141773,0,0,6.7.128.198
2025-02-02 16:54:08.935757,172.22.89.198,example.com,OK,0.140452,0,0,3.192.228.84
2025-02-02 16:54:09.956137,172.22.89.198,example.com,OK,0.217045,0,0,3.215.0.138
2025-02-02 16:54:11.002090,172.22.89.198,example.com,OK,0.147391,0,0,6.7.128.198
2025-02-02 16:54:12.011719,172.22.89.198,example.com,OK,0.158278,0,0,3.192.228.84
2025-02-02 16:54:13.012533,172.22.89.198,example.com,OK,0.220026,0,0,3.215.0.138
2025-02-02 16:54:14.015589,172.22.89.198,example.com,OK,0.145054,0,0,6.7.128.198
2025-02-02 16:54:15.018194,172.22.89.198,example.com,OK,0.169754,0,0,3.192.228.84
2025-02-02 16:54:16.023240,172.22.89.198,example.com,OK,0.2209,0,0,3.215.0.138
2025-02-02 16:54:17.024988,172.22.89.198,example.com,OK,0.144762,0,0,6.7.128.198
2025-02-02 16:54:18.035767,172.22.89.198,example.com,OK,0.151476,0,0,3.192.228.84
2025-02-02 16:54:19.081986,172.22.89.198,example.com,OK,0.217248,0,0,3.215.0.138
2025-02-02 16:54:20.094962,172.22.89.198,example.com,OK,0.144455,0,0,6.7.128.198
2025-02-02 16:54:21.099384,172.22.89.198,example.com,OK,0.143112,0,0,3.192.228.84
2025-02-02 16:54:22.101632,172.22.89.198,example.com,OK,0.216475,0,0,3.215.0.138
2025-02-02 16:54:23.106935,172.22.89.198,example.com,OK,0.143297,0,0,6.7.128.198
2025-02-02 16:54:24.110946,172.22.89.198,example.com,OK,0.141161,0,0,3.192.228.84
2025-02-02 16:54:25.113059,172.22.89.198,example.com,OK,0.218222,0,0,3.215.0.138
2025-02-02 16:54:26.115366,172.22.89.198,example.com,OK,0.145616,0,0,6.7.128.198
2025-02-02 16:54:27.117248,172.22.89.198,example.com,OK,0.140337,0,0,3.192.228.84
2025-02-02 16:54:25.522082,172.22.89.198,example.com,OK,0.216989,0,0,3.215.0.138
2025-02-02 16:54:26.525652,172.22.89.198,example.com,OK,0.145437,0,0,6.7.128.198
2025-02-02 16:54:27.529026,172.22.89.198,example.com,OK,0.149677,0,0,3.192.228.84
2025-02-02 16:54:28.532922,172.22.89.198,example.com,OK,0.215887,0,0,3.215.0.138
2025-02-02 16:54:29.533738,172.22.89.198,example.com,OK,0.142593,0,0,6.7.128.198
2025-02-02 16:54:30.541551,172.22.89.198,example.com,OK,0.143832,0,0,3.192.228.84
2025-02-02 16:54:31.542016,172.22.89.198,example.com,OK,0.218038,0,0,3.215.0.138
2025-02-02 16:54:32.544527,172.22.89.198,example.com,OK,0.143149,0,0,6.7.128.198
2025-02-02 16:54:33.545215,172.22.89.198,example.com,OK,0.144062,0,0,3.192.228.84
2025-02-02 16:54:34.549523,172.22.89.198,example.com,OK,0.219888,0,0,3.215.0.138
2025-02-02 16:54:35.560730,172.22.89.198,example.com,OK,0.144405,0,0,6.7.128.198
2025-02-02 16:54:36.567934,172.22.89.198,example.com,OK,0.146491,0,0,3.192.228.84
2025-02-02 16:54:37.573145,172.22.89.198,example.com,OK,0.224863,0,0,3.215.0.138
2025-02-02 16:54:38.577089,172.22.89.198,example.com,OK,0.14652,0,0,6.7.128.198
2025-02-02 16:54:39.578784,172.22.89.198,example.com,OK,0.148461,0,0,3.192.228.84
2025-02-02 16:54:40.581923,172.22.89.198,example.com,OK,0.224635,0,0,3.215.0.138
2025-02-02 16:54:41.583321,172.22.89.198,example.com,OK,0.146437,0,0,6.7.128.198
2025-02-02 16:54:42.585063,172.22.89.198,example.com,OK,0.144962,0,0,3.192.228.84
2025-02-02 16:54:43.591636,172.22.89.198,example.com,OK,0.223686,0,0,3.215.0.138
2025-02-02 16:54:44.600743,172.22.89.198,example.com,OK,0.150304,0,0,6.7.128.198
2025-02-02 16:54:45.606813,172.22.89.198,example.com,OK,0.145283,0,0,3.192.228.84
2025-02-02 16:54:46.610320,172.22.89.198,example.com,OK,0.22392,0,0,3.215.0.138
2025-02-02 16:54:47.610939,172.22.89.198,example.com,OK,0.146885,0,0,6.7.128.198
2025-02-02 16:54:48.618337,172.22.89.198,example.com,OK,0.147558,0,0,3.192.228.84
2025-02-02 16:54:49.623510,172.22.89.198,example.com,OK,0.221495,0,0,3.215.0.138
2025-02-02 16:54:50.630778,172.22.89.198,example.com,OK,0.145281,0,0,6.7.128.198
2025-02-02 16:54:51.633193,172.22.89.198,example.com,OK,0.148831,0,0,3.192.228.84
2025-02-02 16:54:52.641362,172.22.89.198,example.com,OK,0.219008,0,0,3.215.0.138
2025-02-02 16:54:53.644178,172.22.89.198,example.com,OK,0.223993,0,0,3.215.0.136
2025-02-02 16:54:54.648717,172.22.89.198,example.com,OK,0.13857,0,0,6.7.128.175
2025-02-02 16:54:55.652811,172.22.89.198,example.com,OK,0.163368,0,0,3.192.228.80
2025-02-02 16:54:56.656394,172.22.89.198,example.com,OK,0.220027,0,0,3.215.0.136
2025-02-02 16:54:54.982084,172.22.89.198,example.com,OK,0.136293,0,0,6.7.128.175
2025-02-02 16:54:55.983103,172.22.89.198,example.com,OK,0.150732,0,0,3.192.228.80
2025-02-02 16:54:56.995756,172.22.89.198,example.com,OK,0.222446,0,0,3.215.0.136
2025-02-02 16:54:58.001382,172.22.89.198,example.com,OK,0.146332,0,0,6.7.128.175
2025-02-02 16:54:59.006888,172.22.89.198,example.com,OK,0.183015,0,0,3.192.228.80
2025-02-02 16:55:00.012574,172.22.89.198,example.com,OK,0.220911,0,0,3.215.0.136
2025-02-02 16:55:01.013477,172.22.89.198,example.com,OK,0.137094,0,0,6.7.128.175
2025-02-02 16:55:02.016146,172.22.89.198,example.com,OK,0.156001,0,0,3.192.228.80
2025-02-02 16:55:03.022237,172.22.89.198,example.com,OK,0.226587,0,0,3.215.0.136
2025-02-02 16:55:04.028990,172.22.89.198,example.com,OK,0.138032,0,0,6.7.128.175
2025-02-02 16:55:05.035347,172.22.89.198,example.com,OK,0.15088,0,0,3.192.228.80
2025-02-02 16:55:06.042453,172.22.89.198,example.com,OK,0.232573,0,0,3.215.0.136
2025-02-02 16:55:07.043966,172.22.89.198,example.com,OK,0.142698,0,0,6.7.128.175
2025-02-02 16:55:08.046740,172.22.89.198,example.com,OK,0.15152,0,0,3.192.228.80
2025-02-02 16:55:09.049631,172.22.89.198,example.com,OK,0.225532,0,0,3.215.0.136
2025-02-02 16:55:10.060623,172.22.89.198,example.com,OK,0.136603,0,0,6.7.128.175
2025-02-02 16:55:11.063600,172.22.89.198,example.com,OK,0.153976,0,0,3.192.228.80
2025-02-02 16:55:12.066823,172.22.89.198,example.com,OK,0.230572,0,0,3.215.0.136
2025-02-02 16:55:13.068100,172.22.89.198,example.com,OK,0.151738,0,0,6.7.128.175
2025-02-02 16:55:14.068687,172.22.89.198,example.com,OK,0.159352,0,0,3.192.228.80
2025-02-02 16:55:15.073436,172.22.89.198,example.com,OK,0.234865,0,0,3.215.0.136
2025-02-02 16:55:16.076780,172.22.89.198,example.com,OK,0.133478,0,0,6.7.128.175
2025-02-02 16:55:17.080285,172.22.89.198,example.com,OK,0.151238,0,0,3.192.228.80
2025-02-02 16:55:18.080835,172.22.89.198,example.com,OK,0.229676,0,0,3.215.0.136
2025-02-02 16:55:19.085315,172.22.89.198,example.com,OK,0.134393,0,0,6.7.128.175
2025-02-02 16:55:20.087851,172.22.89.198,example.com,OK,0.148258,0,0,3.192.228.80
2025-02-02 16:55:21.089524,172.22.89.198,example.com,OK,0.225811,0,0,3.215.0.136
2025-02-02 16:55:22.093523,172.22.89.198,example.com,OK,0.134632,0,0,6.7.128.175
2025-02-02 16:55:23.096244,172.22.89.198,example.com,OK,0.150385,0,0,3.192.228.80
2025-02-02 16:55:24.098010,172.22.89.198,example.com,OK,0.223808,0,0,3.215.0.136
2025-02-02 16:55:25.100292,172.22.89.198,example.com,OK,0.134278,0,0,6.7.128.175
2025-02-02 16:55:26.120400,172.22.89.198,example.com,OK,0.150204,0,0,3.192.228.80
2025-02-02 16:55:24.496565,172.22.89.198,example.com,OK,0.221863,0,0,3.215.0.136
2025-02-02 16:55:25.514751,172.22.89.198,example.com,OK,0.134363,0,0,6.7.128.175
2025-02-02 16:55:26.571702,172.22.89.198,example.com,OK,0.150036,0,0,3.192.228.80
2025-02-02 16:55:27.631214,172.22.89.198,example.com,OK,0.241606,0,0,3.215.0.136
2025-02-02 16:55:28.632158,172.22.89.198,example.com,OK,0.143543,0,0,6.7.128.175
2025-02-02 16:55:29.633108,172.22.89.198,example.com,OK,0.150215,0,0,3.192.228.80
2025-02-02 16:55:30.666853,172.22.89.198,example.com,OK,0.227098,0,0,3.215.0.136
2025-02-02 16:55:31.668753,172.22.89.198,example.com,OK,0.140676,0,0,6.7.128.175
2025-02-02 16:55:32.670092,172.22.89.198,example.com,OK,0.152348,0,0,3.192.228.80
2025-02-02 16:55:33.673659,172.22.89.198,example.com,OK,0.223575,0,0,3.215.0.136
2025-02-02 16:55:34.679944,172.22.89.198,example.com,OK,0.136433,0,0,6.7.128.175
2025-02-02 16:55:35.682620,172.22.89.198,example.com,OK,0.154087,0,0,3.192.228.80
2025-02-02 16:55:36.683574,172.22.89.198,example.com,OK,0.226601,0,0,3.215.0.136
2025-02-02 16:55:37.691869,172.22.89.198,example.com,OK,0.136745,0,0,6.7.128.175
2025-02-02 16:55:38.700953,172.22.89.198,example.com,OK,0.15732,0,0,3.192.228.80
2025-02-02 16:55:39.710696,172.22.89.198,example.com,OK,0.235178,0,0,3.215.0.136
2025-02-02 16:55:40.717153,172.22.89.198,example.com,OK,0.144815,0,0,6.7.128.175
2025-02-02 16:55:41.725189,172.22.89.198,example.com,OK,0.153402,0,0,3.192.228.80
2025-02-02 16:55:42.733610,172.22.89.198,example.com,OK,0.226719,0,0,3.215.0.136
2025-02-02 16:55:43.743567,172.22.89.198,example.com,OK,0.143721,0,0,6.7.128.175
2025-02-02 16:55:44.752361,172.22.89.198,example.com,OK,0.153041,0,0,3.192.228.80
2025-02-02 16:55:45.755348,172.22.89.198,example.com,OK,0.235724,0,0,3.215.0.136
2025-02-02 16:55:46.760664,172.22.89.198,example.com,OK,0.139305,0,0,6.7.128.175
2025-02-02 16:55:47.763196,172.22.89.198,example.com,OK,0.1584,0,0,3.192.228.80
2025-02-02 16:55:48.764671,172.22.89.198,example.com,OK,0.225975,0,0,3.215.0.136
2025-02-02 16:55:49.828415,172.22.89.198,example.com,OK,0.144271,0,0,6.7.128.175
2025-02-02 16:55:50.851099,172.22.89.198,example.com,OK,0.154588,0,0,3.192.228.80
2025-02-02 16:55:51.856716,172.22.89.198,example.com,OK,0.226021,0,0,3.215.0.136
2025-02-02 16:55:52.877000,172.22.89.198,example.com,OK,0.138623,0,0,6.7.128.175
2025-02-02 16:55:53.880561,172.22.89.198,example.com,OK,0.170186,0,0,3.192.228.80
2025-02-02 16:55:54.935954,172.22.89.198,example.com,OK,0.22466,0,0,3.215.0.136
2025-02-02 16:55:55.938784,172.22.89.198,example.com,OK,0.132456,0,0,6.7.128.175
2025-02-02 16:55:54.260220,172.22.89.198,example.com,OK,0.155664,0,0,3.192.228.80
2025-02-02 16:55:55.264412,172.22.89.198,example.com,OK,0.250518,0,0,3.215.0.136
2025-02-02 16:55:56.268733,172.22.89.198,example.com,OK,0.133917,0,0,6.7.128.175
2025-02-02 16:55:57.273346,172.22.89.198,example.com,OK,0.150032,0,0,3.192.228.80
2025-02-02 16:55:58.277918,172.22.89.198,example.com,OK,0.221031,0,0,3.215.0.136
2025-02-02 16:55:59.282681,172.22.89.198,example.com,OK,0.139333,0,0,6.7.128.175
2025-02-02 16:56:00.287140,172.22.89.198,example.com,OK,0.197179,0,0,3.192.228.80
2025-02-02 16:56:01.288418,172.22.89.198,example.com,OK,0.221022,0,0,3.215.0.136
2025-02-02 16:56:02.288778,172.22.89.198,example.com,OK,0.135795,0,0,6.7.128.175
2025-02-02 16:56:03.289552,172.22.89.198,example.com,OK,0.155027,0,0,3.192.228.80
2025-02-02 16:56:04.290237,172.22.89.198,example.com,OK,0.230551,0,0,3.215.0.136
2025-02-02 16:56:05.290981,172.22.89.198,example.com,OK,0.136105,0,0,6.7.128.175
2025-02-02 16:56:06.294997,172.22.89.198,example.com,OK,0.150163,0,0,3.192.228.80
2025-02-02 16:56:07.297641,172.22.89.198,example.com,OK,0.221218,0,0,3.215.0.136
2025-02-02 16:56:08.299053,172.22.89.198,example.com,OK,0.144347,0,0,6.7.128.175
2025-02-02 16:56:09.300180,172.22.89.198,example.com,OK,0.149398,0,0,3.192.228.80
2025-02-02 16:56:10.300755,172.22.89.198,example.com,OK,0.226314,0,0,3.215.0.136
2025-02-02 16:56:11.302354,172.22.89.198,example.com,OK,0.134392,0,0,6.7.128.175
2025-02-02 16:56:12.303195,172.22.89.198,example.com,OK,0.158195,0,0,3.192.228.80
2025-02-02 16:56:13.304454,172.22.89.198,example.com,OK,0.226658,0,0,3.215.0.136
2025-02-02 16:56:14.309972,172.22.89.198,example.com,OK,0.135806,0,0,6.7.128.175
2025-02-02 16:56:15.311421,172.22.89.198,example.com,OK,0.161498,0,0,3.192.228.80
2025-02-02 16:56:16.315099,172.22.89.198,example.com,OK,0.232566,0,0,3.215.0.136
2025-02-02 16:56:17.315480,172.22.89.198,example.com,OK,0.142994,0,0,6.7.128.175
2025-02-02 16:56:18.318405,172.22.89.198,example.com,OK,0.153566,0,0,3.192.228.80
2025-02-02 16:56:19.320912,172.22.89.198,example.com,OK,0.223584,0,0,3.215.0.136
2025-02-02 16:56:20.321637,172.22.89.198,example.com,OK,0.143514,0,0,6.7.128.175
2025-02-02 16:56:21.325792,172.22.89.198,example.com,OK,0.153718,0,0,3.192.228.80
2025-02-02 16:56:22.327117,172.22.89.198,example.com,OK,0.220709,0,0,3.215.0.136
2025-02-02 16:56:23.331451,172.22.89.198,example.com,OK,0.139308,0,0,6.7.128.175
2025-02-02 16:56:24.332596,172.22.89.198,example.com,OK,0.148576,0,0,3.192.228.80
2025-02-02 16:56:25.333673,172.22.89.198,example.com,OK,0.226093,0,0,3.215.0.136
2025-02-02 16:56:26.334717,172.22.89.198,example.com,OK,0.133194,0,0,6.7.128.175
2025-02-02 16:56:24.708324,172.22.89.198,example.com,OK,0.151172,0,0,3.192.228.80
2025-02-02 16:56:25.708659,172.22.89.198,example.com,OK,0.221395,0,0,3.215.0.136
2025-02-02 16:56:26.725747,172.22.89.198,example.com,OK,0.134199,0,0,6.7.128.175
2025-02-02 16:56:27.730312,172.22.89.198,example.com,OK,0.152201,0,0,3.192.228.80
2025-02-02 16:56:28.730811,172.22.89.198,example.com,OK,0.22563,0,0,3.215.0.136
2025-02-02 16:56:29.731615,172.22.89.198,example.com,OK,0.148211,0,0,6.7.128.175
2025-02-02 16:56:30.733795,172.22.89.198,example.com,OK,0.150848,0,0,3.192.228.80
2025-02-02 16:56:31.735349,172.22.89.198,example.com,OK,0.228009,0,0,3.215.0.136
2025-02-02 16:56:32.737570,172.22.89.198,example.com,OK,0.133013,0,0,6.7.128.175
2025-02-02 16:56:33.737999,172.22.89.198,example.com,OK,0.148282,0,0,3.192.228.80
2025-02-02 16:56:34.741073,172.22.89.198,example.com,OK,0.224984,0,0,3.215.0.136
2025-02-02 16:56:35.748452,172.22.89.198,example.com,OK,0.137575,0,0,6.7.128.175
2025-02-02 16:56:36.750678,172.22.89.198,example.com,OK,0.15339,0,0,3.192.228.80
2025-02-02 16:56:37.754448,172.22.89.198,example.com,OK,0.225387,0,0,3.215.0.136
2025-02-02 16:56:38.756139,172.22.89.198,example.com,OK,0.141237,0,0,6.7.128.175
2025-02-02 16:56:39.764029,172.22.89.198,example.com,OK,0.162283,0,0,3.192.228.80
2025-02-02 16:56:40.765200,172.22.89.198,example.com,OK,0.228169,0,0,3.215.0.136
2025-02-02 16:56:41.765755,172.22.89.198,example.com,OK,0.139865,0,0,6.7.128.175
2025-02-02 16:56:42.769475,172.22.89.198,example.com,OK,0.205166,0,0,3.192.228.80
2025-02-02 16:56:43.770296,172.22.89.198,example.com,OK,0.22705,0,0,3.215.0.136
2025-02-02 16:56:44.774386,172.22.89.198,example.com,OK,0.143088,0,0,6.7.128.175
2025-02-02 16:56:45.781993,172.22.89.198,example.com,OK,0.153078,0,0,3.192.228.80
2025-02-02 16:56:46.816430,172.22.89.198,example.com,OK,0.226539,0,0,3.215.0.136
2025-02-02 16:56:47.822225,172.22.89.198,example.com,OK,0.136197,0,0,6.7.128.175
2025-02-02 16:56:48.825522,172.22.89.198,example.com,OK,0.154575,0,0,3.192.228.80
2025-02-02 16:56:49.826126,172.22.89.198,example.com,OK,0.227013,0,0,3.215.0.136
2025-02-02 16:56:50.826914,172.22.89.198,example.com,OK,0.14008,0,0,6.7.128.175
2025-02-02 16:56:51.831099,172.22.89.198,example.com,OK,0.151678,0,0,3.192.228.80
2025-02-02 16:56:52.832202,172.22.89.198,example.com,OK,0.224754,0,0,3.215.0.136
2025-02-02 16:56:53.835458,172.22.89.198,example.com,OK,0.133333,0,0,6.7.128.175
2025-02-02 16:56:54.837975,172.22.89.198,example.com,OK,0.148501,0,0,3.192.228.80
2025-02-02 16:56:55.840367,172.22.89.198,example.com,OK,0.22062,0,0,3.215.0.136
2025-02-02 16:56:54.163638,172.22.89.198,example.com,OK,0.170871,0,0,6.7.128.175
2025-02-02 16:56:55.169666,172.22.89.198,example.com,OK,0.150331,0,0,3.192.228.80
2025-02-02 16:56:56.174835,172.22.89.198,example.com,OK,0.223847,0,0,3.215.0.136
2025-02-02 16:56:57.177009,172.22.89.198,example.com,OK,0.131265,0,0,6.7.128.175
2025-02-02 16:56:58.190778,172.22.89.198,example.com,OK,0.152617,0,0,3.192.228.80
2025-02-02 16:56:59.196273,172.22.89.198,example.com,OK,0.222569,0,0,3.215.0.136
2025-02-02 16:57:00.217074,172.22.89.198,example.com,OK,0.135796,0,0,6.7.128.175
2025-02-02 16:57:01.220107,172.22.89.198,example.com,OK,0.147683,0,0,3.192.228.80
2025-02-02 16:57:02.223433,172.22.89.198,example.com,OK,0.275953,0,0,3.215.0.136
2025-02-02 16:57:03.224857,172.22.89.198,example.com,OK,0.217862,0,0,6.7.128.175
2025-02-02 16:57:04.228503,172.22.89.198,example.com,OK,0.15554,0,0,3.192.228.80
2025-02-02 16:57:05.230135,172.22.89.198,example.com,OK,0.222484,0,0,3.215.0.136
2025-02-02 16:57:06.231065,172.22.89.198,example.com,OK,0.164437,0,0,6.7.128.175
2025-02-02 16:57:07.234163,172.22.89.198,example.com,OK,0.148787,0,0,3.192.228.80
2025-02-02 16:57:08.237590,172.22.89.198,example.com,OK,0.223118,0,0,3.215.0.136
2025-02-02 16:57:09.240130,172.22.89.198,example.com,OK,0.143102,0,0,6.7.128.175
2025-02-02 16:57:10.241583,172.22.89.198,example.com,OK,0.154617,0,0,3.192.228.80
2025-02-02 16:57:11.246203,172.22.89.198,example.com,OK,0.226193,0,0,3.215.0.136
2025-02-02 16:57:12.262960,172.22.89.198,example.com,OK,0.136007,0,0,6.7.128.175
2025-02-02 16:57:13.271449,172.22.89.198,example.com,OK,0.151457,0,0,3.192.228.80
2025-02-02 16:57:14.294721,172.22.89.198,example.com,OK,0.23715,0,0,3.215.0.136
2025-02-02 16:57:15.302498,172.22.89.198,example.com,OK,0.140584,0,0,6.7.128.175
2025-02-02 16:57:16.315943,172.22.89.198,example.com,OK,0.151699,0,0,3.192.228.80
2025-02-02 16:57:17.320781,172.22.89.198,example.com,OK,0.227005,0,0,3.215.0.136
2025-02-02 16:57:18.329136,172.22.89.198,example.com,OK,0.134261,0,0,6.7.128.175
2025-02-02 16:57:19.330096,172.22.89.198,example.com,OK,0.153041,0,0,3.192.228.80
2025-02-02 16:57:20.335565,172.22.89.198,example.com,OK,0.224588,0,0,3.215.0.136
2025-02-02 16:57:21.336400,172.22.89.198,example.com,OK,0.14081,0,0,6.7.128.175
2025-02-02 16:57:22.339727,172.22.89.198,example.com,OK,0.157355,0,0,3.192.228.80
2025-02-02 16:57:23.340923,172.22.89.198,example.com,OK,0.221472,0,0,3.215.0.136
2025-02-02 16:57:24.356805,172.22.89.198,example.com,OK,0.132864,0,0,6.7.128.175
2025-02-02 16:57:25.357705,172.22.89.198,example.com,OK,0.155316,0,0,3.192.228.80
2025-02-02 16:57:26.359333,172.22.89.198,example.com,OK,-2.349275,0,0,3.215.0.136
2025-02-02 16:57:27.359866,172.22.89.198,example.com,OK,0.133412,0,0,6.7.128.175
2025-02-02 16:57:28.362316,172.22.89.198,example.com,OK,0.175125,0,0,3.192.228.80
2025-02-02 16:57:29.362932,172.22.89.198,example.com,OK,0.222874,0,0,3.215.0.136
2025-02-02 16:57:30.366493,172.22.89.198,example.com,OK,0.1334,0,0,6.7.128.175
2025-02-02 16:57:31.368210,172.22.89.198,example.com,OK,0.152644,0,0,3.192.228.80
2025-02-02 16:57:32.371724,172.22.89.198,example.com,OK,0.220717,0,0,3.215.0.136
2025-02-02 16:57:33.372432,172.22.89.198,example.com,OK,0.133972,0,0,6.7.128.175
2025-02-02 16:57:34.373824,172.22.89.198,example.com,OK,0.148403,0,0,3.192.228.80
2025-02-02 16:57:35.377631,172.22.89.198,example.com,OK,0.226953,0,0,3.215.0.136
2025-02-02 16:57:36.387501,172.22.89.198,example.com,OK,0.150041,0,0,6.7.128.175
2025-02-02 16:57:37.390934,172.22.89.198,example.com,OK,0.149987,0,0,3.192.228.80
2025-02-02 16:57:38.392368,172.22.89.198,example.com,OK,0.224838,0,0,3.215.0.136
2025-02-02 16:57:39.394122,172.22.89.198,example.com,OK,0.135827,0,0,6.7.128.175
2025-02-02 16:57:40.394831,172.22.89.198,example.com,OK,0.153178,0,0,3.192.228.80
2025-02-02 16:57:41.400039,172.22.89.198,example.com,OK,0.232521,0,0,3.215.0.136
2025-02-02 16:57:42.404888,172.22.89.198,example.com,OK,0.142234,0,0,6.7.128.175
2025-02-02 16:57:43.406382,172.22.89.198,example.com,OK,0.156245,0,0,3.192.228.80
2025-02-02 16:57:44.408540,172.22.89.198,example.com,OK,0.235777,0,0,3.215.0.136
2025-02-02 16:57:45.409966,172.22.89.198,example.com,OK,0.13843,0,0,6.7.128.175
2025-02-02 16:57:46.411768,172.22.89.198,example.com,OK,0.154539,0,0,3.192.228.80
2025-02-02 16:57:47.415930,172.22.89.198,example.com,OK,0.230209,0,0,3.215.0.136
2025-02-02 16:57:48.417628,172.22.89.198,example.com,OK,0.135932,0,0,6.7.128.175
2025-02-02 16:57:49.418379,172.22.89.198,example.com,OK,0.15505,0,0,3.192.228.80
2025-02-02 16:57:50.419608,172.22.89.198,example.com,OK,0.22451,0,0,3.215.0.136
2025-02-02 16:57:51.433978,172.22.89.198,example.com,OK,0.141646,0,0,6.7.128.175
2025-02-02 16:57:52.439957,172.22.89.198,example.com,OK,0.150738,0,0,3.192.228.80
2025-02-02 16:57:53.445121,172.22.89.198,example.com,OK,0.218567,0,0,3.215.0.136
2025-02-02 16:57:54.449933,172.22.89.198,example.com,OK,0.133994,0,0,6.7.128.175
2025-02-02 16:57:55.455652,172.22.89.198,example.com,OK,0.153377,0,0,3.192.228.80
2025-02-02 16:57:53.771569,172.22.89.198,example.com,OK,0.221599,0,0,3.215.0.136
2025-02-02 16:57:54.778181,172.22.89.198,example.com,OK,0.13652,0,0,6.7.128.175
2025-02-02 16:57:55.784406,172.22.89.198,example.com,OK,0.150709,0,0,3.192.228.80
2025-02-02 16:57:56.843066,172.22.89.198,example.com,OK,0.223483,0,0,3.215.0.136
2025-02-02 16:57:57.845359,172.22.89.198,example.com,OK,0.136415,0,0,6.7.128.175
2025-02-02 16:57:58.851033,172.22.89.198,example.com,OK,0.19414,0,0,3.192.228.80
2025-02-02 16:57:59.877478,172.22.89.198,example.com,OK,0.222047,0,0,3.215.0.136
2025-02-02 16:58:00.881410,172.22.89.198,example.com,OK,0.136786,0,0,6.7.128.175
2025-02-02 16:58:01.885087,172.22.89.198,example.com,OK,0.152709,0,0,3.192.228.80
2025-02-02 16:58:02.888919,172.22.89.198,example.com,OK,0.222062,0,0,3.215.0.136
2025-02-02 16:58:03.891811,172.22.89.198,example.com,OK,0.13305,0,0,6.7.128.175
2025-02-02 16:58:04.892876,172.22.89.198,example.com,OK,0.215161,0,0,3.192.228.80
2025-02-02 16:58:05.898119,172.22.89.198,example.com,OK,0.260854,0,0,3.215.0.136
2025-02-02 16:58:06.898969,172.22.89.198,example.com,OK,0.135124,0,0,6.7.128.175
2025-02-02 16:58:07.900797,172.22.89.198,example.com,OK,0.150314,0,0,3.192.228.80
2025-02-02 16:58:08.959885,172.22.89.198,example.com,OK,0.224528,0,0,3.215.0.136
2025-02-02 16:58:10.015555,172.22.89.198,example.com,OK,0.137578,0,0,6.7.128.175
2025-02-02 16:58:11.017724,172.22.89.198,example.com,OK,0.156044,0,0,3.192.228.80
2025-02-02 16:58:12.018838,172.22.89.198,example.com,OK,0.241444,0,0,3.215.0.136
2025-02-02 16:58:13.019984,172.22.89.198,example.com,OK,0.136683,0,0,6.7.128.175
2025-02-02 16:58:14.097658,172.22.89.198,example.com,OK,0.15301,0,0,3.192.228.80
2025-02-02 16:58:15.099132,172.22.89.198,example.com,OK,0.231415,0,0,3.215.0.136
2025-02-02 16:58:16.128431,172.22.89.198,example.com,OK,0.138073,0,0,6.7.128.175
2025-02-02 16:58:17.129603,172.22.89.198,example.com,OK,0.152911,0,0,3.192.228.80
2025-02-02 16:58:18.132623,172.22.89.198,example.com,OK,0.226134,0,0,3.215.0.136
2025-02-02 16:58:19.133272,172.22.89.198,example.com,OK,0.134541,0,0,6.7.128.175
2025-02-02 16:58:20.136190,172.22.89.198,example.com,OK,0.153497,0,0,3.192.228.80
2025-02-02 16:58:21.141150,172.22.89.198,example.com,OK,0.224418,0,0,3.215.0.136
2025-02-02 16:58:22.145175,172.22.89.198,example.com,OK,0.150494,0,0,6.7.128.175
2025-02-02 16:58:23.146709,172.22.89.198,example.com,OK,0.149524,0,0,3.192.228.80
2025-02-02 16:58:24.151035,172.22.89.198,example.com,OK,0.22378,0,0,3.215.0.136
2025-02-02 16:58:25.151973,172.22.89.198,example.com,OK,0.13215,0,0,6.7.128.175
2025-02-02 16:58:23.608993,172.22.89.198,example.com,OK,0.152169,0,0,3.192.228.80
2025-02-02 16:58:24.609800,172.22.89.198,example.com,OK,0.223959,0,0,3.215.0.136
2025-02-02 16:58:25.636719,172.22.89.198,example.com,OK,0.135064,0,0,6.7.128.175
2025-02-02 16:58:26.637013,172.22.89.198,example.com,OK,0.150905,0,0,3.192.228.80
2025-02-02 16:58:27.637393,172.22.89.198,example.com,OK,0.224289,0,0,3.215.0.136
2025-02-02 16:58:28.637805,172.22.89.198,example.com,OK,0.13441,0,0,6.7.128.175
2025-02-02 16:58:29.667057,172.22.89.198,example.com,OK,0.152026,0,0,3.192.228.80
2025-02-02 16:58:30.667578,172.22.89.198,example.com,OK,0.222635,0,0,3.215.0.136
2025-02-02 16:58:31.668019,172.22.89.198,example.com,OK,0.139616,0,0,6.7.128.175
2025-02-02 16:58:32.668714,172.22.89.198,example.com,OK,0.149018,0,0,3.192.228.80
2025-02-02 16:58:33.698248,172.22.89.198,example.com,OK,0.22625,0,0,3.215.0.136
2025-02-02 16:58:34.728349,172.22.89.198,example.com,OK,0.138663,0,0,6.7.128.175
2025-02-02 16:58:35.741309,172.22.89.198,example.com,OK,0.166946,0,0,3.192.228.80
2025-02-02 16:58:36.742026,172.22.89.198,example.com,OK,0.22337,0,0,3.215.0.136
2025-02-02 16:58:37.745212,172.22.89.198,example.com,OK,0.135721,0,0,6.7.128.175
2025-02-02 16:58:38.746332,172.22.89.198,example.com,OK,0.152372,0,0,3.192.228.80
2025-02-02 16:58:39.754687,172.22.89.198,example.com,OK,0.227997,0,0,3.215.0.136
2025-02-02 16:58:40.755804,172.22.89.198,example.com,OK,0.150299,0,0,6.7.128.175
2025-02-02 16:58:41.827388,172.22.89.198,example.com,OK,0.151913,0,0,3.192.228.80
2025-02-02 16:58:42.851587,172.22.89.198,example.com,OK,0.226165,0,0,3.215.0.136
2025-02-02 16:58:43.866051,172.22.89.198,example.com,OK,0.139561,0,0,6.7.128.175
2025-02-02 16:58:44.866464,172.22.89.198,example.com,OK,0.149922,0,0,3.192.228.80
2025-02-02 16:58:45.872090,172.22.89.198,example.com,OK,0.225417,0,0,3.215.0.136
2025-02-02 16:58:46.872495,172.22.89.198,example.com,OK,0.134944,0,0,6.7.128.175
2025-02-02 16:58:47.930971,172.22.89.198,example.com,OK,0.161584,0,0,3.192.228.80
2025-02-02 16:58:48.931904,172.22.89.198,example.com,OK,0.222841,0,0,3.215.0.136
2025-02-02 16:58:49.936359,172.22.89.198,example.com,OK,0.137756,0,0,6.7.128.175
2025-02-02 16:58:50.938140,172.22.89.198,example.com,OK,0.154988,0,0,3.192.228.80
2025-02-02 16:58:51.941823,172.22.89.198,example.com,OK,0.225409,0,0,3.215.0.136
2025-02-02 16:58:52.943173,172.22.89.198,example.com,OK,0.136968,0,0,6.7.128.175
2025-02-02 16:58:53.947012,172.22.89.198,example.com,OK,0.150214,0,0,3.192.228.80
2025-02-02 16:58:54.949361,172.22.89.198,example.com,OK,0.22359,0,0,3.215.0.136
2025-02-02 16:58:53.267635,172.22.89.198,example.com,OK,0.137205,0,0,6.7.128.175
2025-02-02 16:58:54.276608,172.22.89.198,example.com,OK,0.15178,0,0,3.192.228.80
2025-02-02 16:58:55.286754,172.22.89.198,example.com,OK,0.229407,0,0,3.215.0.136
2025-02-02 16:58:56.290631,172.22.89.198,example.com,OK,0.13482,0,0,6.7.128.175
2025-02-02 16:58:57.293536,172.22.89.198,example.com,OK,0.15298,0,0,3.192.228.80
2025-02-02 16:58:58.295175,172.22.89.198,example.com,OK,0.22528,0,0,3.215.0.136
2025-02-02 16:58:59.296435,172.22.89.198,example.com,OK,0.133695,0,0,6.7.128.175
2025-02-02 16:59:00.299638,172.22.89.198,example.com,OK,0.149384,0,0,3.192.228.80
2025-02-02 16:59:01.300694,172.22.89.198,example.com,OK,0.225425,0,0,3.215.0.136
2025-02-02 16:59:02.301531,172.22.89.198,example.com,OK,0.135643,0,0,6.7.128.175
2025-02-02 16:59:03.303031,172.22.89.198,example.com,OK,0.151528,0,0,3.192.228.80
2025-02-02 16:59:04.305273,172.22.89.198,example.com,OK,0.227762,0,0,3.215.0.136
2025-02-02 16:59:05.308181,172.22.89.198,example.com,OK,0.134294,0,0,6.7.128.175
2025-02-02 16:59:06.310753,172.22.89.198,example.com,OK,0.456496,0,0,3.192.228.80
2025-02-02 16:59:07.312048,172.22.89.198,example.com,OK,0.220733,0,0,3.215.0.136
2025-02-02 16:59:08.313556,172.22.89.198,example.com,OK,0.156645,0,0,6.7.128.175
2025-02-02 16:59:09.314247,172.22.89.198,example.com,OK,0.147972,0,0,3.192.228.80
2025-02-02 16:59:10.317282,172.22.89.198,example.com,OK,0.222134,0,0,3.215.0.136
2025-02-02 16:59:11.318818,172.22.89.198,example.com,OK,0.135415,0,0,6.7.128.175
2025-02-02 16:59:12.322705,172.22.89.198,example.com,OK,0.152352,0,0,3.192.228.80
2025-02-02 16:59:13.323952,172.22.89.198,example.com,OK,0.232254,0,0,3.215.0.136
2025-02-02 16:59:14.326723,172.22.89.198,example.com,OK,0.13533,0,0,6.7.128.175
2025-02-02 16:59:15.328349,172.22.89.198,example.com,OK,0.173419,0,0,3.192.228.80
2025-02-02 16:59:16.332063,172.22.89.198,example.com,OK,0.227249,0,0,3.215.0.136
2025-02-02 16:59:17.333427,172.22.89.198,example.com,OK,0.138784,0,0,6.7.128.175
2025-02-02 16:59:18.337544,172.22.89.198,example.com,OK,0.161411,0,0,3.192.228.80
2025-02-02 16:59:19.405729,172.22.89.198,example.com,OK,0.221914,0,0,3.215.0.136
2025-02-02 16:59:20.408199,172.22.89.198,example.com,OK,0.133895,0,0,6.7.128.175
2025-02-02 16:59:21.453145,172.22.89.198,example.com,OK,0.166305,0,0,3.192.228.80
2025-02-02 16:59:22.456307,172.22.89.198,example.com,OK,0.222843,0,0,3.215.0.136
2025-02-02 16:59:23.459283,172.22.89.198,example.com,OK,0.151872,0,0,3.192.228.84
2025-02-02 16:59:24.460597,172.22.89.198,example.com,OK,0.22212,0,0,3.215.0.138
2025-02-02 16:59:22.847413,172.22.89.198,example.com,OK,0.140717,0,0,6.7.128.198
2025-02-02 16:59:23.850564,172.22.89.198,example.com,OK,0.143687,0,0,3.192.228.84
2025-02-02 16:59:24.851189,172.22.89.198,example.com,OK,0.219139,0,0,3.215.0.138
2025-02-02 16:59:25.852683,172.22.89.198,example.com,OK,0.145024,0,0,6.7.128.198
2025-02-02 16:59:26.856556,172.22.89.198,example.com,OK,0.143878,0,0,3.192.228.84
2025-02-02 16:59:27.859076,172.22.89.198,example.com,OK,0.218294,0,0,3.215.0.138
2025-02-02 16:59:28.866742,172.22.89.198,example.com,OK,0.146905,0,0,6.7.128.198
2025-02-02 16:59:29.873348,172.22.89.198,example.com,OK,0.142489,0,0,3.192.228.84
2025-02-02 16:59:30.874314,172.22.89.198,example.com,OK,0.216031,0,0,3.215.0.138
2025-02-02 16:59:31.875489,172.22.89.198,example.com,OK,0.14456,0,0,6.7.128.198
2025-02-02 16:59:32.879647,172.22.89.198,example.com,OK,0.14314,0,0,3.192.228.84
2025-02-02 16:59:33.888485,172.22.89.198,example.com,OK,0.217865,0,0,3.215.0.138
2025-02-02 16:59:34.892895,172.22.89.198,example.com,OK,0.142863,0,0,6.7.128.198
2025-02-02 16:59:35.895635,172.22.89.198,example.com,OK,0.14876,0,0,3.192.228.84
2025-02-02 16:59:36.897689,172.22.89.198,example.com,OK,0.217515,0,0,3.215.0.138
2025-02-02 16:59:37.902475,172.22.89.198,example.com,OK,0.147638,0,0,6.7.128.198
2025-02-02 16:59:38.932391,172.22.89.198,example.com,OK,0.145022,0,0,3.192.228.84
2025-02-02 16:59:39.934862,172.22.89.198,example.com,OK,0.220489,0,0,3.215.0.138
2025-02-02 16:59:40.936820,172.22.89.198,example.com,OK,0.143067,0,0,6.7.128.198
2025-02-02 16:59:41.939803,172.22.89.198,example.com,OK,0.145448,0,0,3.192.228.84
2025-02-02 16:59:42.968659,172.22.89.198,example.com,OK,0.222471,0,0,3.215.0.138
2025-02-02 16:59:43.993202,172.22.89.198,example.com,OK,0.151487,0,0,6.7.128.198
2025-02-02 16:59:44.994495,172.22.89.198,example.com,OK,0.146341,0,0,3.192.228.84
2025-02-02 16:59:46.019661,172.22.89.198,example.com,OK,0.223314,0,0,3.215.0.138
2025-02-02 16:59:47.047516,172.22.89.198,example.com,OK,0.153913,0,0,6.7.128.198
2025-02-02 16:59:48.048015,172.22.89.198,example.com,OK,0.152486,0,0,3.192.228.84
2025-02-02 16:59:49.049669,172.22.89.198,example.com,OK,0.229035,0,0,3.215.0.138
2025-02-02 16:59:50.050274,172.22.89.198,example.com,OK,0.144733,0,0,6.7.128.198
2025-02-02 16:59:51.050921,172.22.89.198,example.com,OK,0.142327,0,0,3.192.228.84
2025-02-02 16:59:52.052599,172.22.89.198,example.com,OK,0.217767,0,0,3.215.0.138
2025-02-02 16:59:53.080497,172.22.89.198,example.com,OK,0.156248,0,0,6.7.128.198
2025-02-02 16:59:54.106977,172.22.89.198,example.com,OK,0.141977,0,0,3.192.228.84
2025-02-02 16:59:55.110379,172.22.89.198,example.com,OK,-2.475127,0,0,3.215.0.138
2025-02-02 16:59:56.113007,172.22.89.198,example.com,OK,0.141778,0,0,6.7.128.198
2025-02-02 16:59:57.117964,172.22.89.198,example.com,OK,0.146198,0,0,3.192.228.84
2025-02-02 16:59:58.178815,172.22.89.198,example.com,OK,0.218047,0,0,3.215.0.138
2025-02-02 16:59:59.181210,172.22.89.198,example.com,OK,0.141586,0,0,6.7.128.198
2025-02-02 17:00:00.181984,172.22.89.198,example.com,OK,0.142544,0,0,3.192.228.84
2025-02-02 17:00:01.182377,172.22.89.198,example.com,OK,0.217954,0,0,3.215.0.138
2025-02-02 17:00:02.214329,172.22.89.198,example.com,OK,0.14419,0,0,6.7.128.198
2025-02-02 17:00:03.227136,172.22.89.198,example.com,OK,0.1403,0,0,3.192.228.84
2025-02-02 17:00:04.287475,172.22.89.198,example.com,OK,0.213138,0,0,3.215.0.138
2025-02-02 17:00:05.287818,172.22.89.198,example.com,OK,0.149559,0,0,6.7.128.198
2025-02-02 17:00:06.289225,172.22.89.198,example.com,OK,0.143153,0,0,3.192.228.84
2025-02-02 17:00:07.291621,172.22.89.198,example.com,OK,0.215827,0,0,3.215.0.138
2025-02-02 17:00:08.293277,172.22.89.198,example.com,OK,0.207857,0,0,6.7.128.198
2025-02-02 17:00:09.293843,172.22.89.198,example.com,OK,0.159551,0,0,3.192.228.84
2025-02-02 17:00:10.298052,172.22.89.198,example.com,OK,0.272923,0,0,3.215.0.138
2025-02-02 17:00:11.298464,172.22.89.198,example.com,OK,0.147326,0,0,6.7.128.198
2025-02-02 17:00:12.299738,172.22.89.198,example.com,OK,0.145297,0,0,3.192.228.84
2025-02-02 17:00:13.303899,172.22.89.198,example.com,OK,0.223675,0,0,3.215.0.138
2025-02-02 17:00:14.305266,172.22.89.198,example.com,OK,0.146357,0,0,6.7.128.198
2025-02-02 17:00:15.310170,172.22.89.198,example.com,OK,0.144639,0,0,3.192.228.84
2025-02-02 17:00:16.310929,172.22.89.198,example.com,OK,0.224976,0,0,3.215.0.138
2025-02-02 17:00:17.314342,172.22.89.198,example.com,OK,0.154606,0,0,6.7.128.198
2025-02-02 17:00:18.315726,172.22.89.198,example.com,OK,0.147399,0,0,3.192.228.84
2025-02-02 17:00:19.317902,172.22.89.198,example.com,OK,0.218377,0,0,3.215.0.138
2025-02-02 17:00:20.318291,172.22.89.198,example.com,OK,0.15875,0,0,6.7.128.198
2025-02-02 17:00:21.322754,172.22.89.198,example.com,OK,0.144387,0,0,3.192.228.84
2025-02-02 17:00:22.326014,172.22.89.198,example.com,OK,0.219016,0,0,3.215.0.138
2025-02-02 17:00:23.328039,172.22.89.198,example.com,OK,0.145989,0,0,6.7.128.198
2025-02-02 17:00:24.330596,172.22.89.198,example.com,OK,0.140823,0,0,3.192.228.84
2025-02-02 17:00:22.688469,172.22.89.198,example.com,OK,0.218711,0,0,3.215.0.138
2025-02-02 17:00:23.721591,172.22.89.198,example.com,OK,0.144962,0,0,6.7.128.198
2025-02-02 17:00:24.731947,172.22.89.198,example.com,OK,0.141814,0,0,3.192.228.84
2025-02-02 17:00:25.733400,172.22.89.198,example.com,OK,0.216572,0,0,3.215.0.138
2025-02-02 17:00:26.738639,172.22.89.198,example.com,OK,0.146917,0,0,6.7.128.198
2025-02-02 17:00:27.739752,172.22.89.198,example.com,OK,0.145338,0,0,3.192.228.84
2025-02-02 17:00:28.740946,172.22.89.198,example.com,OK,0.224833,0,0,3.215.0.138
2025-02-02 17:00:29.742550,172.22.89.198,example.com,OK,0.142067,0,0,6.7.128.198
2025-02-02 17:00:30.752352,172.22.89.198,example.com,OK,0.143915,0,0,3.192.228.84
2025-02-02 17:00:31.761504,172.22.89.198,example.com,OK,0.225734,0,0,3.215.0.138
2025-02-02 17:00:32.764217,172.22.89.198,example.com,OK,0.147528,0,0,6.7.128.198
2025-02-02 17:00:33.765382,172.22.89.198,example.com,OK,0.153265,0,0,3.192.228.84
2025-02-02 17:00:34.776370,172.22.89.198,example.com,OK,0.22729,0,0,3.215.0.138
2025-02-02 17:00:35.808284,172.22.89.198,example.com,OK,0.142702,0,0,6.7.128.198
2025-02-02 17:00:36.847015,172.22.89.198,example.com,OK,0.142184,0,0,3.192.228.84
2025-02-02 17:00:37.857060,172.22.89.198,example.com,OK,0.216449,0,0,3.215.0.138
2025-02-02 17:00:38.861005,172.22.89.198,example.com,OK,0.145449,0,0,6.7.128.198
2025-02-02 17:00:39.869475,172.22.89.198,example.com,OK,0.14228,0,0,3.192.228.84
2025-02-02 17:00:40.915928,172.22.89.198,example.com,OK,0.228312,0,0,3.215.0.138
2025-02-02 17:00:41.919014,172.22.89.198,example.com,OK,0.144191,0,0,6.7.128.198
2025-02-02 17:00:42.920851,172.22.89.198,example.com,OK,0.143211,0,0,3.192.228.84
2025-02-02 17:00:43.925415,172.22.89.198,example.com,OK,0.218532,0,0,3.215.0.138
2025-02-02 17:00:44.926162,172.22.89.198,example.com,OK,0.151057,0,0,6.7.128.198
2025-02-02 17:00:45.930964,172.22.89.198,example.com,OK,0.164367,0,0,3.192.228.84
2025-02-02 17:00:46.934004,172.22.89.198,example.com,OK,0.217133,0,0,3.215.0.138
2025-02-02 17:00:49.028205,172.22.89.198,example.com,OK,0.149587,0,0,3.192.228.80
2025-02-02 17:00:50.028837,172.22.89.198,example.com,OK,0.22448,0,0,3.215.0.136
2025-02-02 17:00:51.029721,172.22.89.198,example.com,OK,0.136587,0,0,6.7.128.175
2025-02-02 17:00:52.030265,172.22.89.198,example.com,OK,0.156386,0,0,3.192.228.80
2025-02-02 17:00:53.056098,172.22.89.198,example.com,OK,0.234155,0,0,3.215.0.136
2025-02-02 17:00:54.072930,172.22.89.198,example.com,OK,0.13678,0,0,6.7.128.175
2025-02-02 17:00:52.391058,172.22.89.198,example.com,OK,0.152525,0,0,3.192.228.80
2025-02-02 17:00:53.451692,172.22.89.198,example.com,OK,0.223814,0,0,3.215.0.136
2025-02-02 17:00:54.496375,172.22.89.198,example.com,OK,0.132288,0,0,6.7.128.175
2025-02-02 17:00:55.497397,172.22.89.198,example.com,OK,0.154416,0,0,3.192.228.80
2025-02-02 17:00:56.497950,172.22.89.198,example.com,OK,0.228543,0,0,3.215.0.136
2025-02-02 17:01:36.168963,172.22.89.198,example.com,Expired,0.151512,11,0,2.115.142.128
2025-02-02 17:01:37.169795,172.22.89.198,example.com,Expired,0.14361,11,0,2.115.123.140
2025-02-02 17:01:38.170681,172.22.89.198,example.com,Expired,0.138773,11,0,2.115.116.198
2025-02-02 17:01:39.187486,172.22.89.198,example.com,NG,,98,98,
2025-02-02 17:01:46.112266,172.22.89.198,example.com,Expired,0.035847,11,0,2.115.140.31
2025-02-02 17:01:47.113229,172.22.89.198,example.com,Expired,0.036631,11,0,2.115.140.31
2025-02-02 17:01:48.114393,172.22.89.198,example.com,Expired,0.02646,11,0,2.115.140.25
2025-02-02 17:01:49.169668,172.22.89.198,example.com,Expired,0.03257,11,0,2.115.140.31
2025-02-02 17:01:50.170429,172.22.89.198,example.com,Expired,0.026888,11,0,2.115.140.31
2025-02-02 17:01:51.173322,172.22.89.198,example.com,Expired,0.026978,11,0,2.115.140.25
2025-02-02 17:01:52.175423,172.22.89.198,example.com,Expired,0.029078,11,0,2.115.140.31
2025-02-02 17:01:53.176991,172.22.89.198,example.com,Expired,0.030089,11,0,2.115.140.31
2025-02-02 17:01:54.183103,172.22.89.198,example.com,Expired,0.027056,11,0,2.115.140.25
2025-02-02 17:01:52.495709,172.22.89.198,example.com,Expired,0.03156,11,0,2.115.140.31
2025-02-02 17:01:53.564719,172.22.89.198,example.com,Expired,0.032896,11,0,2.115.140.31
2025-02-02 17:01:54.565920,172.22.89.198,example.com,Expired,0.03287,11,0,2.115.140.25
2025-02-02 17:01:55.567095,172.22.89.198,example.com,Expired,0.028472,11,0,2.115.140.31
2025-02-02 17:01:56.568283,172.22.89.198,example.com,Expired,0.03247,11,0,2.115.140.31
2025-02-02 17:01:57.569340,172.22.89.198,example.com,Expired,0.0311,11,0,2.115.140.25
2025-02-02 17:01:58.570365,172.22.89.198,example.com,Expired,0.02901,11,0,2.115.140.31
2025-02-02 17:01:59.572197,172.22.89.198,example.com,Expired,0.02743,11,0,2.115.140.31
2025-02-02 17:02:00.572810,172.22.89.198,example.com,Expired,0.028591,11,0,2.115.140.25
2025-02-02 17:02:08.765318,172.22.89.198,example.com,OK,0.224115,0,0,3.215.0.138
2025-02-02 17:02:09.765781,172.22.89.198,example.com,OK,0.143802,0,0,6.7.128.198
2025-02-02 17:02:10.766353,172.22.89.198,example.com,OK,0.144842,0,0,3.192.228.84
2025-02-02 17:02:11.768446,172.22.89.198,example.com,OK,0.21856,0,0,3.215.0.138
2025-02-02 17:02:12.774488,172.22.89.198,example.com,OK,0.146869,0,0,6.7.128.198
2025-02-02 17:02:13.819893,172.22.89.198,example.com,OK,0.145714,0,0,3.192.228.84
2025-02-02 17:02:14.820653,172.22.89.198,example.com,NG,,98,98,
2025-02-02 17:02:41.727067,172.22.89.198,example.com,OK,0.150564,0,0,3.192.228.80
2025-02-02 17:02:42.727843,172.22.89.198,example.com,OK,0.23686,0,0,3.215.0.136
2025-02-02 17:02:43.728693,172.22.89.198,example.com,NG,,98,98,
2025-02-02 17:02:48.986551,172.22.89.198,example.com,Expired,0.145362,11,0,2.115.123.140
2025-02-02 17:02:49.989854,172.22.89.198,example.com,Expired,0.140168,11,0,2.115.116.198
2025-02-02 17:02:50.990866,172.22.89.198,example.com,Expired,0.150147,11,0,2.115.142.128
2025-02-02 17:02:56.693487,172.22.89.198,example.com,Expired,0.14894,11,0,2.115.137.108
2025-02-02 17:02:57.695286,172.22.89.198,example.com,Expired,0.132898,11,0,2.115.140.62
2025-02-02 17:02:58.696356,172.22.89.198,example.com,Expired,0.153491,11,0,2.115.142.128
2025-02-02 17:03:06.500313,172.22.89.198,example.com,Expired,0.138992,11,0,2.115.116.198
2025-02-02 17:03:07.501963,172.22.89.198,example.com,Expired,0.156138,11,0,2.115.142.128
2025-02-02 17:03:14.748838,172.22.89.198,example.com,Expired,0.15032,11,0,2.115.137.108
2025-02-02 17:03:15.749470,172.22.89.198,example.com,Expired,0.138576,11,0,2.115.140.62
2025-02-02 17:03:16.750314,172.22.89.198,example.com,Expired,0.156183,11,0,2.115.142.128
2025-02-02 17:03:17.750890,172.22.89.198,example.com,Expired,0.149877,11,0,2.115.137.108
2025-02-02 17:03:18.754244,172.22.89.198,example.com,Expired,0.138728,11,0,2.115.140.62
2025-02-02 17:03:19.757107,172.22.89.198,example.com,Expired,0.188305,11,0,2.115.142.128
2025-02-02 17:03:20.757555,172.22.89.198,example.com,Expired,0.147989,11,0,2.115.137.108
2025-02-02 17:03:21.760744,172.22.89.198,example.com,Expired,0.147437,11,0,2.115.140.62
2025-02-02 17:03:22.767342,172.22.89.198,example.com,Expired,0.159765,11,0,2.115.142.128
2025-02-02 17:03:21.106984,172.22.89.198,example.com,Expired,0.152612,11,0,2.115.137.108
2025-02-02 17:03:22.131542,172.22.89.198,example.com,Expired,0.133641,11,0,2.115.140.62
2025-02-02 17:03:23.138723,172.22.89.198,example.com,Expired,0.152822,11,0,2.115.142.128
2025-02-02 17:03:24.145150,172.22.89.198,example.com,Expired,0.149427,11,0,2.115.137.108
2025-02-02 17:03:25.147338,172.22.89.198,example.com,Expired,0.134706,11,0,2.115.140.62
2025-02-02 17:03:26.152136,172.22.89.198,example.com,Expired,0.153079,11,0,2.115.142.128
2025-02-02 17:03:27.153284,172.22.89.198,example.com,Expired,0.151681,11,0,2.115.137.108
2025-02-02 17:03:28.153826,172.22.89.198,example.com,Expired,0.132888,11,0,2.115.140.62
2025-02-02 17:03:29.154177,172.22.89.198,example.com,Expired,0.16158,11,0,2.115.142.128
2025-02-02 17:03:30.154820,172.22.89.198,example.com,Expired,0.182628,11,0,2.115.137.108
2025-02-02 17:03:31.156702,172.22.89.198,example.com,Expired,0.137535,11,0,2.115.140.62
2025-02-02 17:03:32.158843,172.22.89.198,example.com,Expired,0.155141,11,0,2.115.142.128
2025-02-02 17:03:33.160908,172.22.89.198,example.com,Expired,0.171352,11,0,2.115.137.108
2025-02-02 17:03:34.162414,172.22.89.198,example.com,Expired,0.152984,11,0,2.115.140.62
2025-02-02 17:03:35.162861,172.22.89.198,example.com,Expired,0.15565,11,0,2.115.142.128
2025-02-02 17:03:36.163477,172.22.89.198,example.com,Expired,0.151787,11,0,2.115.137.108
2025-02-02 17:03:37.164136,172.22.89.198,example.com,Expired,0.134824,11,0,2.115.140.62
2025-02-02 17:03:38.166440,172.22.89.198,example.com,Expired,0.155194,11,0,2.115.142.128
2025-02-02 17:03:39.169738,172.22.89.198,example.com,Expired,0.152328,11,0,2.115.137.108
2025-02-02 17:03:40.170897,172.22.89.198,example.com,Expired,0.135927,11,0,2.115.140.62
2025-02-02 17:03:41.224469,172.22.89.198,example.com,Expired,0.167879,11,0,2.115.142.128
2025-02-02 17:03:42.225341,172.22.89.198,example.com,Expired,0.146829,11,0,2.115.137.108
